Created by PLY version 3.11 (http://www.dabeaz.com/ply)

Unused terminals:

    ASSIGN
    BRACKET_CLOSE
    BRACKET_OPEN
    COM
    DIV
    EQ
    GEQ
    GT
    LEFT
    LEQ
    LT
    MINUS
    MULT
    NEQ
    PLUS
    PRINTLN
    RIGHT

Grammar

Rule 0     S' -> program
Rule 1     program -> procedure_list Main
Rule 2     procedure_list -> procedure
Rule 3     procedure_list -> procedure_list procedure
Rule 4     procedure -> PROC ID PAR_OPEN paramet_list PAR_CLOSE P_OPEN codigo_list P_CLOSE SEMICOLON END SEMICOLON
Rule 5     procedure -> PROC ID PAR_OPEN PAR_CLOSE P_OPEN codigo_list P_CLOSE SEMICOLON END SEMICOLON
Rule 6     sentencia -> operation
Rule 7     sentencia -> def
Rule 8     sentencia -> put
Rule 9     sentencia -> cup
Rule 10    sentencia -> cdown
Rule 11    sentencia -> cleft
Rule 12    sentencia -> cright
Rule 13    sentencia -> pos
Rule 14    sentencia -> posx
Rule 15    sentencia -> posy
Rule 16    sentencia -> color
Rule 17    sentencia -> down
Rule 18    sentencia -> up
Rule 19    sentencia -> begining
Rule 20    n1 -> NUMBER
Rule 21    n1 -> operation
Rule 22    n1 -> BOOLEAN
Rule 23    n2 -> NUMBER
Rule 24    n2 -> operation
Rule 25    n2 -> ID
Rule 26    n3 -> NUMBER
Rule 27    n3 -> ID
Rule 28    n4 -> NUMBER
Rule 29    n4 -> operation
Rule 30    n4 -> ID
Rule 31    n4 -> BOOLEAN
Rule 32    n5 -> NUMBER
Rule 33    n5 -> ID
Rule 34    n5 -> BOOLEAN
Rule 35    n6 -> NUMBER
Rule 36    n6 -> BOOLEAN
Rule 37    def -> DEF PAR_OPEN ID COLON n6 PAR_CLOSE SEMICOLON
Rule 38    operation -> add
Rule 39    operation -> sub
Rule 40    operation -> equal
Rule 41    operation -> and
Rule 42    operation -> or
Rule 43    operation -> greater
Rule 44    operation -> smaller
Rule 45    operation -> random
Rule 46    operation -> mult
Rule 47    operation -> div
Rule 48    operation -> sum
Rule 49    add -> ADDO PAR_OPEN ID PAR_CLOSE SEMICOLON
Rule 50    add -> ADDO PAR_OPEN ID COLON n2 PAR_CLOSE SEMICOLON
Rule 51    equal -> EQUAL PAR_OPEN n2 COLON n2 PAR_CLOSE SEMICOLON
Rule 52    sub -> SUBSTR PAR_OPEN n3 COLON n2 PAR_CLOSE SEMICOLON
Rule 53    and -> AND PAR_OPEN n4 COLON n4 PAR_CLOSE SEMICOLON
Rule 54    or -> OR PAR_OPEN n4 COLON n4 PAR_CLOSE SEMICOLON
Rule 55    greater -> GREATER PAR_OPEN n2 COLON n2 PAR_CLOSE SEMICOLON
Rule 56    smaller -> SMALLER PAR_OPEN n2 COLON n2 PAR_CLOSE SEMICOLON
Rule 57    random -> RANDOM PAR_OPEN n3 PAR_CLOSE SEMICOLON
Rule 58    mult -> MULTO PAR_OPEN n3 COLON n2 PAR_CLOSE SEMICOLON
Rule 59    div -> DIVO PAR_OPEN n3 COLON n2 PAR_CLOSE SEMICOLON
Rule 60    sum -> SUMO PAR_OPEN n3 COLON n2 PAR_CLOSE SEMICOLON
Rule 61    put -> PUT PAR_OPEN ID COLON n1 PAR_CLOSE SEMICOLON
Rule 62    cup -> CUP n2 SEMICOLON
Rule 63    cdown -> CDOWN n2 SEMICOLON
Rule 64    cright -> CRIGHT n2 SEMICOLON
Rule 65    cleft -> CLEFT n2 SEMICOLON
Rule 66    pos -> POS PAR_OPEN n2 COLON n2 PAR_CLOSE SEMICOLON
Rule 67    posx -> POSX n2 SEMICOLON
Rule 68    posy -> POSY n2 SEMICOLON
Rule 69    color -> COLOR n2 SEMICOLON
Rule 70    down -> DOWN SEMICOLON
Rule 71    up -> UP SEMICOLON
Rule 72    begining -> BEG SEMICOLON
Rule 73    sentencia_list -> sentencia
Rule 74    sentencia_list -> sentencia_list sentencia
Rule 75    forloops -> FOR ID PAR_OPEN NUMBER TO NUMBER PAR_CLOSE LOOP P_OPEN sentencia_list P_CLOSE END LOOP SEMICOLON
Rule 76    whiles -> WHILE P_OPEN n2 P_CLOSE P_OPEN sentencia_list P_CLOSE WHEND SEMICOLON
Rule 77    repeat -> REPEAT P_OPEN sentencia_list P_CLOSE UNTIL P_OPEN n2 P_CLOSE SEMICOLON
Rule 78    caseaux -> WHEN n6 THEN P_OPEN sentencia_list P_CLOSE SEMICOLON
Rule 79    caseaux_list -> caseaux
Rule 80    caseaux_list -> caseaux_list caseaux
Rule 81    case -> CASE ID caseaux_list END CASE SEMICOLON
Rule 82    case -> CASE ID caseaux_list ELSE P_OPEN sentencia_list P_CLOSE END CASE SEMICOLON
Rule 83    paramet_list -> n5
Rule 84    paramet_list -> paramet_list n5
Rule 85    llamada -> CALL ID PAR_OPEN PAR_CLOSE SEMICOLON
Rule 86    llamada_list -> llamada
Rule 87    llamada_list -> llamada_list llamada
Rule 88    codigo -> sentencia
Rule 89    codigo -> case
Rule 90    codigo -> repeat
Rule 91    codigo -> whiles
Rule 92    codigo -> forloops
Rule 93    codigo_list -> codigo
Rule 94    codigo_list -> codigo_list codigo
Rule 95    main_list -> llamada
Rule 96    main_list -> main_list llamada
Rule 97    Main -> MAIN PAR_OPEN PAR_CLOSE P_OPEN main_list P_CLOSE SEMICOLON END

Terminals, with rules where they appear

ADDO                 : 49 50
AND                  : 53
ASSIGN               : 
BEG                  : 72
BOOLEAN              : 22 31 34 36
BRACKET_CLOSE        : 
BRACKET_OPEN         : 
CALL                 : 85
CASE                 : 81 81 82 82
CDOWN                : 63
CLEFT                : 65
COLON                : 37 50 51 52 53 54 55 56 58 59 60 61 66
COLOR                : 69
COM                  : 
CRIGHT               : 64
CUP                  : 62
DEF                  : 37
DIV                  : 
DIVO                 : 59
DOWN                 : 70
ELSE                 : 82
END                  : 4 5 75 81 82 97
EQ                   : 
EQUAL                : 51
FOR                  : 75
GEQ                  : 
GREATER              : 55
GT                   : 
ID                   : 4 5 25 27 30 33 37 49 50 61 75 81 82 85
LEFT                 : 
LEQ                  : 
LOOP                 : 75 75
LT                   : 
MAIN                 : 97
MINUS                : 
MULT                 : 
MULTO                : 58
NEQ                  : 
NUMBER               : 20 23 26 28 32 35 75 75
OR                   : 54
PAR_CLOSE            : 4 5 37 49 50 51 52 53 54 55 56 57 58 59 60 61 66 75 85 97
PAR_OPEN             : 4 5 37 49 50 51 52 53 54 55 56 57 58 59 60 61 66 75 85 97
PLUS                 : 
POS                  : 66
POSX                 : 67
POSY                 : 68
PRINTLN              : 
PROC                 : 4 5
PUT                  : 61
P_CLOSE              : 4 5 75 76 76 77 77 78 82 97
P_OPEN               : 4 5 75 76 76 77 77 78 82 97
RANDOM               : 57
REPEAT               : 77
RIGHT                : 
SEMICOLON            : 4 4 5 5 37 49 50 51 52 53 54 55 56 57 58 59 60 61 62 63 64 65 66 67 68 69 70 71 72 75 76 77 78 81 82 85 97
SMALLER              : 56
SUBSTR               : 52
SUMO                 : 60
THEN                 : 78
TO                   : 75
UNTIL                : 77
UP                   : 71
WHEN                 : 78
WHEND                : 76
WHILE                : 76
error                : 

Nonterminals, with rules where they appear

Main                 : 1
add                  : 38
and                  : 41
begining             : 19
case                 : 89
caseaux              : 79 80
caseaux_list         : 80 81 82
cdown                : 10
cleft                : 11
codigo               : 93 94
codigo_list          : 4 5 94
color                : 16
cright               : 12
cup                  : 9
def                  : 7
div                  : 47
down                 : 17
equal                : 40
forloops             : 92
greater              : 43
llamada              : 86 87 95 96
llamada_list         : 87
main_list            : 96 97
mult                 : 46
n1                   : 61
n2                   : 50 51 51 52 55 55 56 56 58 59 60 62 63 64 65 66 66 67 68 69 76 77
n3                   : 52 57 58 59 60
n4                   : 53 53 54 54
n5                   : 83 84
n6                   : 37 78
operation            : 6 21 24 29
or                   : 42
paramet_list         : 4 84
pos                  : 13
posx                 : 14
posy                 : 15
procedure            : 2 3
procedure_list       : 1 3
program              : 0
put                  : 8
random               : 45
repeat               : 90
sentencia            : 73 74 88
sentencia_list       : 74 75 76 77 78 82
smaller              : 44
sub                  : 39
sum                  : 48
up                   : 18
whiles               : 91

Parsing method: LALR

state 0

    (0) S' -> . program
    (1) program -> . procedure_list Main
    (2) procedure_list -> . procedure
    (3) procedure_list -> . procedure_list procedure
    (4) procedure -> . PROC ID PAR_OPEN paramet_list PAR_CLOSE P_OPEN codigo_list P_CLOSE SEMICOLON END SEMICOLON
    (5) procedure -> . PROC ID PAR_OPEN PAR_CLOSE P_OPEN codigo_list P_CLOSE SEMICOLON END SEMICOLON

    PROC            shift and go to state 4

    program                        shift and go to state 1
    procedure_list                 shift and go to state 2
    procedure                      shift and go to state 3

state 1

    (0) S' -> program .



state 2

    (1) program -> procedure_list . Main
    (3) procedure_list -> procedure_list . procedure
    (97) Main -> . MAIN PAR_OPEN PAR_CLOSE P_OPEN main_list P_CLOSE SEMICOLON END
    (4) procedure -> . PROC ID PAR_OPEN paramet_list PAR_CLOSE P_OPEN codigo_list P_CLOSE SEMICOLON END SEMICOLON
    (5) procedure -> . PROC ID PAR_OPEN PAR_CLOSE P_OPEN codigo_list P_CLOSE SEMICOLON END SEMICOLON

    MAIN            shift and go to state 7
    PROC            shift and go to state 4

    Main                           shift and go to state 5
    procedure                      shift and go to state 6

state 3

    (2) procedure_list -> procedure .

    MAIN            reduce using rule 2 (procedure_list -> procedure .)
    PROC            reduce using rule 2 (procedure_list -> procedure .)


state 4

    (4) procedure -> PROC . ID PAR_OPEN paramet_list PAR_CLOSE P_OPEN codigo_list P_CLOSE SEMICOLON END SEMICOLON
    (5) procedure -> PROC . ID PAR_OPEN PAR_CLOSE P_OPEN codigo_list P_CLOSE SEMICOLON END SEMICOLON

    ID              shift and go to state 8


state 5

    (1) program -> procedure_list Main .

    $end            reduce using rule 1 (program -> procedure_list Main .)


state 6

    (3) procedure_list -> procedure_list procedure .

    MAIN            reduce using rule 3 (procedure_list -> procedure_list procedure .)
    PROC            reduce using rule 3 (procedure_list -> procedure_list procedure .)


state 7

    (97) Main -> MAIN . PAR_OPEN PAR_CLOSE P_OPEN main_list P_CLOSE SEMICOLON END

    PAR_OPEN        shift and go to state 9


state 8

    (4) procedure -> PROC ID . PAR_OPEN paramet_list PAR_CLOSE P_OPEN codigo_list P_CLOSE SEMICOLON END SEMICOLON
    (5) procedure -> PROC ID . PAR_OPEN PAR_CLOSE P_OPEN codigo_list P_CLOSE SEMICOLON END SEMICOLON

    PAR_OPEN        shift and go to state 10


state 9

    (97) Main -> MAIN PAR_OPEN . PAR_CLOSE P_OPEN main_list P_CLOSE SEMICOLON END

    PAR_CLOSE       shift and go to state 11


state 10

    (4) procedure -> PROC ID PAR_OPEN . paramet_list PAR_CLOSE P_OPEN codigo_list P_CLOSE SEMICOLON END SEMICOLON
    (5) procedure -> PROC ID PAR_OPEN . PAR_CLOSE P_OPEN codigo_list P_CLOSE SEMICOLON END SEMICOLON
    (83) paramet_list -> . n5
    (84) paramet_list -> . paramet_list n5
    (32) n5 -> . NUMBER
    (33) n5 -> . ID
    (34) n5 -> . BOOLEAN

    PAR_CLOSE       shift and go to state 14
    NUMBER          shift and go to state 16
    ID              shift and go to state 12
    BOOLEAN         shift and go to state 17

    paramet_list                   shift and go to state 13
    n5                             shift and go to state 15

state 11

    (97) Main -> MAIN PAR_OPEN PAR_CLOSE . P_OPEN main_list P_CLOSE SEMICOLON END

    P_OPEN          shift and go to state 18


state 12

    (33) n5 -> ID .

    PAR_CLOSE       reduce using rule 33 (n5 -> ID .)
    NUMBER          reduce using rule 33 (n5 -> ID .)
    ID              reduce using rule 33 (n5 -> ID .)
    BOOLEAN         reduce using rule 33 (n5 -> ID .)


state 13

    (4) procedure -> PROC ID PAR_OPEN paramet_list . PAR_CLOSE P_OPEN codigo_list P_CLOSE SEMICOLON END SEMICOLON
    (84) paramet_list -> paramet_list . n5
    (32) n5 -> . NUMBER
    (33) n5 -> . ID
    (34) n5 -> . BOOLEAN

    PAR_CLOSE       shift and go to state 19
    NUMBER          shift and go to state 16
    ID              shift and go to state 12
    BOOLEAN         shift and go to state 17

    n5                             shift and go to state 20

state 14

    (5) procedure -> PROC ID PAR_OPEN PAR_CLOSE . P_OPEN codigo_list P_CLOSE SEMICOLON END SEMICOLON

    P_OPEN          shift and go to state 21


state 15

    (83) paramet_list -> n5 .

    PAR_CLOSE       reduce using rule 83 (paramet_list -> n5 .)
    NUMBER          reduce using rule 83 (paramet_list -> n5 .)
    ID              reduce using rule 83 (paramet_list -> n5 .)
    BOOLEAN         reduce using rule 83 (paramet_list -> n5 .)


state 16

    (32) n5 -> NUMBER .

    PAR_CLOSE       reduce using rule 32 (n5 -> NUMBER .)
    NUMBER          reduce using rule 32 (n5 -> NUMBER .)
    ID              reduce using rule 32 (n5 -> NUMBER .)
    BOOLEAN         reduce using rule 32 (n5 -> NUMBER .)


state 17

    (34) n5 -> BOOLEAN .

    PAR_CLOSE       reduce using rule 34 (n5 -> BOOLEAN .)
    NUMBER          reduce using rule 34 (n5 -> BOOLEAN .)
    ID              reduce using rule 34 (n5 -> BOOLEAN .)
    BOOLEAN         reduce using rule 34 (n5 -> BOOLEAN .)


state 18

    (97) Main -> MAIN PAR_OPEN PAR_CLOSE P_OPEN . main_list P_CLOSE SEMICOLON END
    (95) main_list -> . llamada
    (96) main_list -> . main_list llamada
    (85) llamada -> . CALL ID PAR_OPEN PAR_CLOSE SEMICOLON

    CALL            shift and go to state 24

    main_list                      shift and go to state 22
    llamada                        shift and go to state 23

state 19

    (4) procedure -> PROC ID PAR_OPEN paramet_list PAR_CLOSE . P_OPEN codigo_list P_CLOSE SEMICOLON END SEMICOLON

    P_OPEN          shift and go to state 25


state 20

    (84) paramet_list -> paramet_list n5 .

    PAR_CLOSE       reduce using rule 84 (paramet_list -> paramet_list n5 .)
    NUMBER          reduce using rule 84 (paramet_list -> paramet_list n5 .)
    ID              reduce using rule 84 (paramet_list -> paramet_list n5 .)
    BOOLEAN         reduce using rule 84 (paramet_list -> paramet_list n5 .)


state 21

    (5) procedure -> PROC ID PAR_OPEN PAR_CLOSE P_OPEN . codigo_list P_CLOSE SEMICOLON END SEMICOLON
    (93) codigo_list -> . codigo
    (94) codigo_list -> . codigo_list codigo
    (88) codigo -> . sentencia
    (89) codigo -> . case
    (90) codigo -> . repeat
    (91) codigo -> . whiles
    (92) codigo -> . forloops
    (6) sentencia -> . operation
    (7) sentencia -> . def
    (8) sentencia -> . put
    (9) sentencia -> . cup
    (10) sentencia -> . cdown
    (11) sentencia -> . cleft
    (12) sentencia -> . cright
    (13) sentencia -> . pos
    (14) sentencia -> . posx
    (15) sentencia -> . posy
    (16) sentencia -> . color
    (17) sentencia -> . down
    (18) sentencia -> . up
    (19) sentencia -> . begining
    (81) case -> . CASE ID caseaux_list END CASE SEMICOLON
    (82) case -> . CASE ID caseaux_list ELSE P_OPEN sentencia_list P_CLOSE END CASE SEMICOLON
    (77) repeat -> . REPEAT P_OPEN sentencia_list P_CLOSE UNTIL P_OPEN n2 P_CLOSE SEMICOLON
    (76) whiles -> . WHILE P_OPEN n2 P_CLOSE P_OPEN sentencia_list P_CLOSE WHEND SEMICOLON
    (75) forloops -> . FOR ID PAR_OPEN NUMBER TO NUMBER PAR_CLOSE LOOP P_OPEN sentencia_list P_CLOSE END LOOP SEMICOLON
    (38) operation -> . add
    (39) operation -> . sub
    (40) operation -> . equal
    (41) operation -> . and
    (42) operation -> . or
    (43) operation -> . greater
    (44) operation -> . smaller
    (45) operation -> . random
    (46) operation -> . mult
    (47) operation -> . div
    (48) operation -> . sum
    (37) def -> . DEF PAR_OPEN ID COLON n6 PAR_CLOSE SEMICOLON
    (61) put -> . PUT PAR_OPEN ID COLON n1 PAR_CLOSE SEMICOLON
    (62) cup -> . CUP n2 SEMICOLON
    (63) cdown -> . CDOWN n2 SEMICOLON
    (65) cleft -> . CLEFT n2 SEMICOLON
    (64) cright -> . CRIGHT n2 SEMICOLON
    (66) pos -> . POS PAR_OPEN n2 COLON n2 PAR_CLOSE SEMICOLON
    (67) posx -> . POSX n2 SEMICOLON
    (68) posy -> . POSY n2 SEMICOLON
    (69) color -> . COLOR n2 SEMICOLON
    (70) down -> . DOWN SEMICOLON
    (71) up -> . UP SEMICOLON
    (72) begining -> . BEG SEMICOLON
    (49) add -> . ADDO PAR_OPEN ID PAR_CLOSE SEMICOLON
    (50) add -> . ADDO PAR_OPEN ID COLON n2 PAR_CLOSE SEMICOLON
    (52) sub -> . SUBSTR PAR_OPEN n3 COLON n2 PAR_CLOSE SEMICOLON
    (51) equal -> . EQUAL PAR_OPEN n2 COLON n2 PAR_CLOSE SEMICOLON
    (53) and -> . AND PAR_OPEN n4 COLON n4 PAR_CLOSE SEMICOLON
    (54) or -> . OR PAR_OPEN n4 COLON n4 PAR_CLOSE SEMICOLON
    (55) greater -> . GREATER PAR_OPEN n2 COLON n2 PAR_CLOSE SEMICOLON
    (56) smaller -> . SMALLER PAR_OPEN n2 COLON n2 PAR_CLOSE SEMICOLON
    (57) random -> . RANDOM PAR_OPEN n3 PAR_CLOSE SEMICOLON
    (58) mult -> . MULTO PAR_OPEN n3 COLON n2 PAR_CLOSE SEMICOLON
    (59) div -> . DIVO PAR_OPEN n3 COLON n2 PAR_CLOSE SEMICOLON
    (60) sum -> . SUMO PAR_OPEN n3 COLON n2 PAR_CLOSE SEMICOLON

    CASE            shift and go to state 47
    REPEAT          shift and go to state 48
    WHILE           shift and go to state 49
    FOR             shift and go to state 50
    DEF             shift and go to state 62
    PUT             shift and go to state 63
    CUP             shift and go to state 64
    CDOWN           shift and go to state 65
    CLEFT           shift and go to state 66
    CRIGHT          shift and go to state 67
    POS             shift and go to state 68
    POSX            shift and go to state 69
    POSY            shift and go to state 70
    COLOR           shift and go to state 71
    DOWN            shift and go to state 72
    UP              shift and go to state 73
    BEG             shift and go to state 74
    ADDO            shift and go to state 75
    SUBSTR          shift and go to state 76
    EQUAL           shift and go to state 77
    AND             shift and go to state 78
    OR              shift and go to state 79
    GREATER         shift and go to state 80
    SMALLER         shift and go to state 81
    RANDOM          shift and go to state 82
    MULTO           shift and go to state 83
    DIVO            shift and go to state 84
    SUMO            shift and go to state 85

    codigo_list                    shift and go to state 26
    codigo                         shift and go to state 27
    sentencia                      shift and go to state 28
    case                           shift and go to state 29
    repeat                         shift and go to state 30
    whiles                         shift and go to state 31
    forloops                       shift and go to state 32
    operation                      shift and go to state 33
    def                            shift and go to state 34
    put                            shift and go to state 35
    cup                            shift and go to state 36
    cdown                          shift and go to state 37
    cleft                          shift and go to state 38
    cright                         shift and go to state 39
    pos                            shift and go to state 40
    posx                           shift and go to state 41
    posy                           shift and go to state 42
    color                          shift and go to state 43
    down                           shift and go to state 44
    up                             shift and go to state 45
    begining                       shift and go to state 46
    add                            shift and go to state 51
    sub                            shift and go to state 52
    equal                          shift and go to state 53
    and                            shift and go to state 54
    or                             shift and go to state 55
    greater                        shift and go to state 56
    smaller                        shift and go to state 57
    random                         shift and go to state 58
    mult                           shift and go to state 59
    div                            shift and go to state 60
    sum                            shift and go to state 61

state 22

    (97) Main -> MAIN PAR_OPEN PAR_CLOSE P_OPEN main_list . P_CLOSE SEMICOLON END
    (96) main_list -> main_list . llamada
    (85) llamada -> . CALL ID PAR_OPEN PAR_CLOSE SEMICOLON

    P_CLOSE         shift and go to state 86
    CALL            shift and go to state 24

    llamada                        shift and go to state 87

state 23

    (95) main_list -> llamada .

    P_CLOSE         reduce using rule 95 (main_list -> llamada .)
    CALL            reduce using rule 95 (main_list -> llamada .)


state 24

    (85) llamada -> CALL . ID PAR_OPEN PAR_CLOSE SEMICOLON

    ID              shift and go to state 88


state 25

    (4) procedure -> PROC ID PAR_OPEN paramet_list PAR_CLOSE P_OPEN . codigo_list P_CLOSE SEMICOLON END SEMICOLON
    (93) codigo_list -> . codigo
    (94) codigo_list -> . codigo_list codigo
    (88) codigo -> . sentencia
    (89) codigo -> . case
    (90) codigo -> . repeat
    (91) codigo -> . whiles
    (92) codigo -> . forloops
    (6) sentencia -> . operation
    (7) sentencia -> . def
    (8) sentencia -> . put
    (9) sentencia -> . cup
    (10) sentencia -> . cdown
    (11) sentencia -> . cleft
    (12) sentencia -> . cright
    (13) sentencia -> . pos
    (14) sentencia -> . posx
    (15) sentencia -> . posy
    (16) sentencia -> . color
    (17) sentencia -> . down
    (18) sentencia -> . up
    (19) sentencia -> . begining
    (81) case -> . CASE ID caseaux_list END CASE SEMICOLON
    (82) case -> . CASE ID caseaux_list ELSE P_OPEN sentencia_list P_CLOSE END CASE SEMICOLON
    (77) repeat -> . REPEAT P_OPEN sentencia_list P_CLOSE UNTIL P_OPEN n2 P_CLOSE SEMICOLON
    (76) whiles -> . WHILE P_OPEN n2 P_CLOSE P_OPEN sentencia_list P_CLOSE WHEND SEMICOLON
    (75) forloops -> . FOR ID PAR_OPEN NUMBER TO NUMBER PAR_CLOSE LOOP P_OPEN sentencia_list P_CLOSE END LOOP SEMICOLON
    (38) operation -> . add
    (39) operation -> . sub
    (40) operation -> . equal
    (41) operation -> . and
    (42) operation -> . or
    (43) operation -> . greater
    (44) operation -> . smaller
    (45) operation -> . random
    (46) operation -> . mult
    (47) operation -> . div
    (48) operation -> . sum
    (37) def -> . DEF PAR_OPEN ID COLON n6 PAR_CLOSE SEMICOLON
    (61) put -> . PUT PAR_OPEN ID COLON n1 PAR_CLOSE SEMICOLON
    (62) cup -> . CUP n2 SEMICOLON
    (63) cdown -> . CDOWN n2 SEMICOLON
    (65) cleft -> . CLEFT n2 SEMICOLON
    (64) cright -> . CRIGHT n2 SEMICOLON
    (66) pos -> . POS PAR_OPEN n2 COLON n2 PAR_CLOSE SEMICOLON
    (67) posx -> . POSX n2 SEMICOLON
    (68) posy -> . POSY n2 SEMICOLON
    (69) color -> . COLOR n2 SEMICOLON
    (70) down -> . DOWN SEMICOLON
    (71) up -> . UP SEMICOLON
    (72) begining -> . BEG SEMICOLON
    (49) add -> . ADDO PAR_OPEN ID PAR_CLOSE SEMICOLON
    (50) add -> . ADDO PAR_OPEN ID COLON n2 PAR_CLOSE SEMICOLON
    (52) sub -> . SUBSTR PAR_OPEN n3 COLON n2 PAR_CLOSE SEMICOLON
    (51) equal -> . EQUAL PAR_OPEN n2 COLON n2 PAR_CLOSE SEMICOLON
    (53) and -> . AND PAR_OPEN n4 COLON n4 PAR_CLOSE SEMICOLON
    (54) or -> . OR PAR_OPEN n4 COLON n4 PAR_CLOSE SEMICOLON
    (55) greater -> . GREATER PAR_OPEN n2 COLON n2 PAR_CLOSE SEMICOLON
    (56) smaller -> . SMALLER PAR_OPEN n2 COLON n2 PAR_CLOSE SEMICOLON
    (57) random -> . RANDOM PAR_OPEN n3 PAR_CLOSE SEMICOLON
    (58) mult -> . MULTO PAR_OPEN n3 COLON n2 PAR_CLOSE SEMICOLON
    (59) div -> . DIVO PAR_OPEN n3 COLON n2 PAR_CLOSE SEMICOLON
    (60) sum -> . SUMO PAR_OPEN n3 COLON n2 PAR_CLOSE SEMICOLON

    CASE            shift and go to state 47
    REPEAT          shift and go to state 48
    WHILE           shift and go to state 49
    FOR             shift and go to state 50
    DEF             shift and go to state 62
    PUT             shift and go to state 63
    CUP             shift and go to state 64
    CDOWN           shift and go to state 65
    CLEFT           shift and go to state 66
    CRIGHT          shift and go to state 67
    POS             shift and go to state 68
    POSX            shift and go to state 69
    POSY            shift and go to state 70
    COLOR           shift and go to state 71
    DOWN            shift and go to state 72
    UP              shift and go to state 73
    BEG             shift and go to state 74
    ADDO            shift and go to state 75
    SUBSTR          shift and go to state 76
    EQUAL           shift and go to state 77
    AND             shift and go to state 78
    OR              shift and go to state 79
    GREATER         shift and go to state 80
    SMALLER         shift and go to state 81
    RANDOM          shift and go to state 82
    MULTO           shift and go to state 83
    DIVO            shift and go to state 84
    SUMO            shift and go to state 85

    codigo_list                    shift and go to state 89
    codigo                         shift and go to state 27
    sentencia                      shift and go to state 28
    case                           shift and go to state 29
    repeat                         shift and go to state 30
    whiles                         shift and go to state 31
    forloops                       shift and go to state 32
    operation                      shift and go to state 33
    def                            shift and go to state 34
    put                            shift and go to state 35
    cup                            shift and go to state 36
    cdown                          shift and go to state 37
    cleft                          shift and go to state 38
    cright                         shift and go to state 39
    pos                            shift and go to state 40
    posx                           shift and go to state 41
    posy                           shift and go to state 42
    color                          shift and go to state 43
    down                           shift and go to state 44
    up                             shift and go to state 45
    begining                       shift and go to state 46
    add                            shift and go to state 51
    sub                            shift and go to state 52
    equal                          shift and go to state 53
    and                            shift and go to state 54
    or                             shift and go to state 55
    greater                        shift and go to state 56
    smaller                        shift and go to state 57
    random                         shift and go to state 58
    mult                           shift and go to state 59
    div                            shift and go to state 60
    sum                            shift and go to state 61

state 26

    (5) procedure -> PROC ID PAR_OPEN PAR_CLOSE P_OPEN codigo_list . P_CLOSE SEMICOLON END SEMICOLON
    (94) codigo_list -> codigo_list . codigo
    (88) codigo -> . sentencia
    (89) codigo -> . case
    (90) codigo -> . repeat
    (91) codigo -> . whiles
    (92) codigo -> . forloops
    (6) sentencia -> . operation
    (7) sentencia -> . def
    (8) sentencia -> . put
    (9) sentencia -> . cup
    (10) sentencia -> . cdown
    (11) sentencia -> . cleft
    (12) sentencia -> . cright
    (13) sentencia -> . pos
    (14) sentencia -> . posx
    (15) sentencia -> . posy
    (16) sentencia -> . color
    (17) sentencia -> . down
    (18) sentencia -> . up
    (19) sentencia -> . begining
    (81) case -> . CASE ID caseaux_list END CASE SEMICOLON
    (82) case -> . CASE ID caseaux_list ELSE P_OPEN sentencia_list P_CLOSE END CASE SEMICOLON
    (77) repeat -> . REPEAT P_OPEN sentencia_list P_CLOSE UNTIL P_OPEN n2 P_CLOSE SEMICOLON
    (76) whiles -> . WHILE P_OPEN n2 P_CLOSE P_OPEN sentencia_list P_CLOSE WHEND SEMICOLON
    (75) forloops -> . FOR ID PAR_OPEN NUMBER TO NUMBER PAR_CLOSE LOOP P_OPEN sentencia_list P_CLOSE END LOOP SEMICOLON
    (38) operation -> . add
    (39) operation -> . sub
    (40) operation -> . equal
    (41) operation -> . and
    (42) operation -> . or
    (43) operation -> . greater
    (44) operation -> . smaller
    (45) operation -> . random
    (46) operation -> . mult
    (47) operation -> . div
    (48) operation -> . sum
    (37) def -> . DEF PAR_OPEN ID COLON n6 PAR_CLOSE SEMICOLON
    (61) put -> . PUT PAR_OPEN ID COLON n1 PAR_CLOSE SEMICOLON
    (62) cup -> . CUP n2 SEMICOLON
    (63) cdown -> . CDOWN n2 SEMICOLON
    (65) cleft -> . CLEFT n2 SEMICOLON
    (64) cright -> . CRIGHT n2 SEMICOLON
    (66) pos -> . POS PAR_OPEN n2 COLON n2 PAR_CLOSE SEMICOLON
    (67) posx -> . POSX n2 SEMICOLON
    (68) posy -> . POSY n2 SEMICOLON
    (69) color -> . COLOR n2 SEMICOLON
    (70) down -> . DOWN SEMICOLON
    (71) up -> . UP SEMICOLON
    (72) begining -> . BEG SEMICOLON
    (49) add -> . ADDO PAR_OPEN ID PAR_CLOSE SEMICOLON
    (50) add -> . ADDO PAR_OPEN ID COLON n2 PAR_CLOSE SEMICOLON
    (52) sub -> . SUBSTR PAR_OPEN n3 COLON n2 PAR_CLOSE SEMICOLON
    (51) equal -> . EQUAL PAR_OPEN n2 COLON n2 PAR_CLOSE SEMICOLON
    (53) and -> . AND PAR_OPEN n4 COLON n4 PAR_CLOSE SEMICOLON
    (54) or -> . OR PAR_OPEN n4 COLON n4 PAR_CLOSE SEMICOLON
    (55) greater -> . GREATER PAR_OPEN n2 COLON n2 PAR_CLOSE SEMICOLON
    (56) smaller -> . SMALLER PAR_OPEN n2 COLON n2 PAR_CLOSE SEMICOLON
    (57) random -> . RANDOM PAR_OPEN n3 PAR_CLOSE SEMICOLON
    (58) mult -> . MULTO PAR_OPEN n3 COLON n2 PAR_CLOSE SEMICOLON
    (59) div -> . DIVO PAR_OPEN n3 COLON n2 PAR_CLOSE SEMICOLON
    (60) sum -> . SUMO PAR_OPEN n3 COLON n2 PAR_CLOSE SEMICOLON

    P_CLOSE         shift and go to state 90
    CASE            shift and go to state 47
    REPEAT          shift and go to state 48
    WHILE           shift and go to state 49
    FOR             shift and go to state 50
    DEF             shift and go to state 62
    PUT             shift and go to state 63
    CUP             shift and go to state 64
    CDOWN           shift and go to state 65
    CLEFT           shift and go to state 66
    CRIGHT          shift and go to state 67
    POS             shift and go to state 68
    POSX            shift and go to state 69
    POSY            shift and go to state 70
    COLOR           shift and go to state 71
    DOWN            shift and go to state 72
    UP              shift and go to state 73
    BEG             shift and go to state 74
    ADDO            shift and go to state 75
    SUBSTR          shift and go to state 76
    EQUAL           shift and go to state 77
    AND             shift and go to state 78
    OR              shift and go to state 79
    GREATER         shift and go to state 80
    SMALLER         shift and go to state 81
    RANDOM          shift and go to state 82
    MULTO           shift and go to state 83
    DIVO            shift and go to state 84
    SUMO            shift and go to state 85

    codigo                         shift and go to state 91
    sentencia                      shift and go to state 28
    case                           shift and go to state 29
    repeat                         shift and go to state 30
    whiles                         shift and go to state 31
    forloops                       shift and go to state 32
    operation                      shift and go to state 33
    def                            shift and go to state 34
    put                            shift and go to state 35
    cup                            shift and go to state 36
    cdown                          shift and go to state 37
    cleft                          shift and go to state 38
    cright                         shift and go to state 39
    pos                            shift and go to state 40
    posx                           shift and go to state 41
    posy                           shift and go to state 42
    color                          shift and go to state 43
    down                           shift and go to state 44
    up                             shift and go to state 45
    begining                       shift and go to state 46
    add                            shift and go to state 51
    sub                            shift and go to state 52
    equal                          shift and go to state 53
    and                            shift and go to state 54
    or                             shift and go to state 55
    greater                        shift and go to state 56
    smaller                        shift and go to state 57
    random                         shift and go to state 58
    mult                           shift and go to state 59
    div                            shift and go to state 60
    sum                            shift and go to state 61

state 27

    (93) codigo_list -> codigo .

    P_CLOSE         reduce using rule 93 (codigo_list -> codigo .)
    CASE            reduce using rule 93 (codigo_list -> codigo .)
    REPEAT          reduce using rule 93 (codigo_list -> codigo .)
    WHILE           reduce using rule 93 (codigo_list -> codigo .)
    FOR             reduce using rule 93 (codigo_list -> codigo .)
    DEF             reduce using rule 93 (codigo_list -> codigo .)
    PUT             reduce using rule 93 (codigo_list -> codigo .)
    CUP             reduce using rule 93 (codigo_list -> codigo .)
    CDOWN           reduce using rule 93 (codigo_list -> codigo .)
    CLEFT           reduce using rule 93 (codigo_list -> codigo .)
    CRIGHT          reduce using rule 93 (codigo_list -> codigo .)
    POS             reduce using rule 93 (codigo_list -> codigo .)
    POSX            reduce using rule 93 (codigo_list -> codigo .)
    POSY            reduce using rule 93 (codigo_list -> codigo .)
    COLOR           reduce using rule 93 (codigo_list -> codigo .)
    DOWN            reduce using rule 93 (codigo_list -> codigo .)
    UP              reduce using rule 93 (codigo_list -> codigo .)
    BEG             reduce using rule 93 (codigo_list -> codigo .)
    ADDO            reduce using rule 93 (codigo_list -> codigo .)
    SUBSTR          reduce using rule 93 (codigo_list -> codigo .)
    EQUAL           reduce using rule 93 (codigo_list -> codigo .)
    AND             reduce using rule 93 (codigo_list -> codigo .)
    OR              reduce using rule 93 (codigo_list -> codigo .)
    GREATER         reduce using rule 93 (codigo_list -> codigo .)
    SMALLER         reduce using rule 93 (codigo_list -> codigo .)
    RANDOM          reduce using rule 93 (codigo_list -> codigo .)
    MULTO           reduce using rule 93 (codigo_list -> codigo .)
    DIVO            reduce using rule 93 (codigo_list -> codigo .)
    SUMO            reduce using rule 93 (codigo_list -> codigo .)


state 28

    (88) codigo -> sentencia .

    P_CLOSE         reduce using rule 88 (codigo -> sentencia .)
    CASE            reduce using rule 88 (codigo -> sentencia .)
    REPEAT          reduce using rule 88 (codigo -> sentencia .)
    WHILE           reduce using rule 88 (codigo -> sentencia .)
    FOR             reduce using rule 88 (codigo -> sentencia .)
    DEF             reduce using rule 88 (codigo -> sentencia .)
    PUT             reduce using rule 88 (codigo -> sentencia .)
    CUP             reduce using rule 88 (codigo -> sentencia .)
    CDOWN           reduce using rule 88 (codigo -> sentencia .)
    CLEFT           reduce using rule 88 (codigo -> sentencia .)
    CRIGHT          reduce using rule 88 (codigo -> sentencia .)
    POS             reduce using rule 88 (codigo -> sentencia .)
    POSX            reduce using rule 88 (codigo -> sentencia .)
    POSY            reduce using rule 88 (codigo -> sentencia .)
    COLOR           reduce using rule 88 (codigo -> sentencia .)
    DOWN            reduce using rule 88 (codigo -> sentencia .)
    UP              reduce using rule 88 (codigo -> sentencia .)
    BEG             reduce using rule 88 (codigo -> sentencia .)
    ADDO            reduce using rule 88 (codigo -> sentencia .)
    SUBSTR          reduce using rule 88 (codigo -> sentencia .)
    EQUAL           reduce using rule 88 (codigo -> sentencia .)
    AND             reduce using rule 88 (codigo -> sentencia .)
    OR              reduce using rule 88 (codigo -> sentencia .)
    GREATER         reduce using rule 88 (codigo -> sentencia .)
    SMALLER         reduce using rule 88 (codigo -> sentencia .)
    RANDOM          reduce using rule 88 (codigo -> sentencia .)
    MULTO           reduce using rule 88 (codigo -> sentencia .)
    DIVO            reduce using rule 88 (codigo -> sentencia .)
    SUMO            reduce using rule 88 (codigo -> sentencia .)


state 29

    (89) codigo -> case .

    P_CLOSE         reduce using rule 89 (codigo -> case .)
    CASE            reduce using rule 89 (codigo -> case .)
    REPEAT          reduce using rule 89 (codigo -> case .)
    WHILE           reduce using rule 89 (codigo -> case .)
    FOR             reduce using rule 89 (codigo -> case .)
    DEF             reduce using rule 89 (codigo -> case .)
    PUT             reduce using rule 89 (codigo -> case .)
    CUP             reduce using rule 89 (codigo -> case .)
    CDOWN           reduce using rule 89 (codigo -> case .)
    CLEFT           reduce using rule 89 (codigo -> case .)
    CRIGHT          reduce using rule 89 (codigo -> case .)
    POS             reduce using rule 89 (codigo -> case .)
    POSX            reduce using rule 89 (codigo -> case .)
    POSY            reduce using rule 89 (codigo -> case .)
    COLOR           reduce using rule 89 (codigo -> case .)
    DOWN            reduce using rule 89 (codigo -> case .)
    UP              reduce using rule 89 (codigo -> case .)
    BEG             reduce using rule 89 (codigo -> case .)
    ADDO            reduce using rule 89 (codigo -> case .)
    SUBSTR          reduce using rule 89 (codigo -> case .)
    EQUAL           reduce using rule 89 (codigo -> case .)
    AND             reduce using rule 89 (codigo -> case .)
    OR              reduce using rule 89 (codigo -> case .)
    GREATER         reduce using rule 89 (codigo -> case .)
    SMALLER         reduce using rule 89 (codigo -> case .)
    RANDOM          reduce using rule 89 (codigo -> case .)
    MULTO           reduce using rule 89 (codigo -> case .)
    DIVO            reduce using rule 89 (codigo -> case .)
    SUMO            reduce using rule 89 (codigo -> case .)


state 30

    (90) codigo -> repeat .

    P_CLOSE         reduce using rule 90 (codigo -> repeat .)
    CASE            reduce using rule 90 (codigo -> repeat .)
    REPEAT          reduce using rule 90 (codigo -> repeat .)
    WHILE           reduce using rule 90 (codigo -> repeat .)
    FOR             reduce using rule 90 (codigo -> repeat .)
    DEF             reduce using rule 90 (codigo -> repeat .)
    PUT             reduce using rule 90 (codigo -> repeat .)
    CUP             reduce using rule 90 (codigo -> repeat .)
    CDOWN           reduce using rule 90 (codigo -> repeat .)
    CLEFT           reduce using rule 90 (codigo -> repeat .)
    CRIGHT          reduce using rule 90 (codigo -> repeat .)
    POS             reduce using rule 90 (codigo -> repeat .)
    POSX            reduce using rule 90 (codigo -> repeat .)
    POSY            reduce using rule 90 (codigo -> repeat .)
    COLOR           reduce using rule 90 (codigo -> repeat .)
    DOWN            reduce using rule 90 (codigo -> repeat .)
    UP              reduce using rule 90 (codigo -> repeat .)
    BEG             reduce using rule 90 (codigo -> repeat .)
    ADDO            reduce using rule 90 (codigo -> repeat .)
    SUBSTR          reduce using rule 90 (codigo -> repeat .)
    EQUAL           reduce using rule 90 (codigo -> repeat .)
    AND             reduce using rule 90 (codigo -> repeat .)
    OR              reduce using rule 90 (codigo -> repeat .)
    GREATER         reduce using rule 90 (codigo -> repeat .)
    SMALLER         reduce using rule 90 (codigo -> repeat .)
    RANDOM          reduce using rule 90 (codigo -> repeat .)
    MULTO           reduce using rule 90 (codigo -> repeat .)
    DIVO            reduce using rule 90 (codigo -> repeat .)
    SUMO            reduce using rule 90 (codigo -> repeat .)


state 31

    (91) codigo -> whiles .

    P_CLOSE         reduce using rule 91 (codigo -> whiles .)
    CASE            reduce using rule 91 (codigo -> whiles .)
    REPEAT          reduce using rule 91 (codigo -> whiles .)
    WHILE           reduce using rule 91 (codigo -> whiles .)
    FOR             reduce using rule 91 (codigo -> whiles .)
    DEF             reduce using rule 91 (codigo -> whiles .)
    PUT             reduce using rule 91 (codigo -> whiles .)
    CUP             reduce using rule 91 (codigo -> whiles .)
    CDOWN           reduce using rule 91 (codigo -> whiles .)
    CLEFT           reduce using rule 91 (codigo -> whiles .)
    CRIGHT          reduce using rule 91 (codigo -> whiles .)
    POS             reduce using rule 91 (codigo -> whiles .)
    POSX            reduce using rule 91 (codigo -> whiles .)
    POSY            reduce using rule 91 (codigo -> whiles .)
    COLOR           reduce using rule 91 (codigo -> whiles .)
    DOWN            reduce using rule 91 (codigo -> whiles .)
    UP              reduce using rule 91 (codigo -> whiles .)
    BEG             reduce using rule 91 (codigo -> whiles .)
    ADDO            reduce using rule 91 (codigo -> whiles .)
    SUBSTR          reduce using rule 91 (codigo -> whiles .)
    EQUAL           reduce using rule 91 (codigo -> whiles .)
    AND             reduce using rule 91 (codigo -> whiles .)
    OR              reduce using rule 91 (codigo -> whiles .)
    GREATER         reduce using rule 91 (codigo -> whiles .)
    SMALLER         reduce using rule 91 (codigo -> whiles .)
    RANDOM          reduce using rule 91 (codigo -> whiles .)
    MULTO           reduce using rule 91 (codigo -> whiles .)
    DIVO            reduce using rule 91 (codigo -> whiles .)
    SUMO            reduce using rule 91 (codigo -> whiles .)


state 32

    (92) codigo -> forloops .

    P_CLOSE         reduce using rule 92 (codigo -> forloops .)
    CASE            reduce using rule 92 (codigo -> forloops .)
    REPEAT          reduce using rule 92 (codigo -> forloops .)
    WHILE           reduce using rule 92 (codigo -> forloops .)
    FOR             reduce using rule 92 (codigo -> forloops .)
    DEF             reduce using rule 92 (codigo -> forloops .)
    PUT             reduce using rule 92 (codigo -> forloops .)
    CUP             reduce using rule 92 (codigo -> forloops .)
    CDOWN           reduce using rule 92 (codigo -> forloops .)
    CLEFT           reduce using rule 92 (codigo -> forloops .)
    CRIGHT          reduce using rule 92 (codigo -> forloops .)
    POS             reduce using rule 92 (codigo -> forloops .)
    POSX            reduce using rule 92 (codigo -> forloops .)
    POSY            reduce using rule 92 (codigo -> forloops .)
    COLOR           reduce using rule 92 (codigo -> forloops .)
    DOWN            reduce using rule 92 (codigo -> forloops .)
    UP              reduce using rule 92 (codigo -> forloops .)
    BEG             reduce using rule 92 (codigo -> forloops .)
    ADDO            reduce using rule 92 (codigo -> forloops .)
    SUBSTR          reduce using rule 92 (codigo -> forloops .)
    EQUAL           reduce using rule 92 (codigo -> forloops .)
    AND             reduce using rule 92 (codigo -> forloops .)
    OR              reduce using rule 92 (codigo -> forloops .)
    GREATER         reduce using rule 92 (codigo -> forloops .)
    SMALLER         reduce using rule 92 (codigo -> forloops .)
    RANDOM          reduce using rule 92 (codigo -> forloops .)
    MULTO           reduce using rule 92 (codigo -> forloops .)
    DIVO            reduce using rule 92 (codigo -> forloops .)
    SUMO            reduce using rule 92 (codigo -> forloops .)


state 33

    (6) sentencia -> operation .

    P_CLOSE         reduce using rule 6 (sentencia -> operation .)
    CASE            reduce using rule 6 (sentencia -> operation .)
    REPEAT          reduce using rule 6 (sentencia -> operation .)
    WHILE           reduce using rule 6 (sentencia -> operation .)
    FOR             reduce using rule 6 (sentencia -> operation .)
    DEF             reduce using rule 6 (sentencia -> operation .)
    PUT             reduce using rule 6 (sentencia -> operation .)
    CUP             reduce using rule 6 (sentencia -> operation .)
    CDOWN           reduce using rule 6 (sentencia -> operation .)
    CLEFT           reduce using rule 6 (sentencia -> operation .)
    CRIGHT          reduce using rule 6 (sentencia -> operation .)
    POS             reduce using rule 6 (sentencia -> operation .)
    POSX            reduce using rule 6 (sentencia -> operation .)
    POSY            reduce using rule 6 (sentencia -> operation .)
    COLOR           reduce using rule 6 (sentencia -> operation .)
    DOWN            reduce using rule 6 (sentencia -> operation .)
    UP              reduce using rule 6 (sentencia -> operation .)
    BEG             reduce using rule 6 (sentencia -> operation .)
    ADDO            reduce using rule 6 (sentencia -> operation .)
    SUBSTR          reduce using rule 6 (sentencia -> operation .)
    EQUAL           reduce using rule 6 (sentencia -> operation .)
    AND             reduce using rule 6 (sentencia -> operation .)
    OR              reduce using rule 6 (sentencia -> operation .)
    GREATER         reduce using rule 6 (sentencia -> operation .)
    SMALLER         reduce using rule 6 (sentencia -> operation .)
    RANDOM          reduce using rule 6 (sentencia -> operation .)
    MULTO           reduce using rule 6 (sentencia -> operation .)
    DIVO            reduce using rule 6 (sentencia -> operation .)
    SUMO            reduce using rule 6 (sentencia -> operation .)


state 34

    (7) sentencia -> def .

    P_CLOSE         reduce using rule 7 (sentencia -> def .)
    CASE            reduce using rule 7 (sentencia -> def .)
    REPEAT          reduce using rule 7 (sentencia -> def .)
    WHILE           reduce using rule 7 (sentencia -> def .)
    FOR             reduce using rule 7 (sentencia -> def .)
    DEF             reduce using rule 7 (sentencia -> def .)
    PUT             reduce using rule 7 (sentencia -> def .)
    CUP             reduce using rule 7 (sentencia -> def .)
    CDOWN           reduce using rule 7 (sentencia -> def .)
    CLEFT           reduce using rule 7 (sentencia -> def .)
    CRIGHT          reduce using rule 7 (sentencia -> def .)
    POS             reduce using rule 7 (sentencia -> def .)
    POSX            reduce using rule 7 (sentencia -> def .)
    POSY            reduce using rule 7 (sentencia -> def .)
    COLOR           reduce using rule 7 (sentencia -> def .)
    DOWN            reduce using rule 7 (sentencia -> def .)
    UP              reduce using rule 7 (sentencia -> def .)
    BEG             reduce using rule 7 (sentencia -> def .)
    ADDO            reduce using rule 7 (sentencia -> def .)
    SUBSTR          reduce using rule 7 (sentencia -> def .)
    EQUAL           reduce using rule 7 (sentencia -> def .)
    AND             reduce using rule 7 (sentencia -> def .)
    OR              reduce using rule 7 (sentencia -> def .)
    GREATER         reduce using rule 7 (sentencia -> def .)
    SMALLER         reduce using rule 7 (sentencia -> def .)
    RANDOM          reduce using rule 7 (sentencia -> def .)
    MULTO           reduce using rule 7 (sentencia -> def .)
    DIVO            reduce using rule 7 (sentencia -> def .)
    SUMO            reduce using rule 7 (sentencia -> def .)


state 35

    (8) sentencia -> put .

    P_CLOSE         reduce using rule 8 (sentencia -> put .)
    CASE            reduce using rule 8 (sentencia -> put .)
    REPEAT          reduce using rule 8 (sentencia -> put .)
    WHILE           reduce using rule 8 (sentencia -> put .)
    FOR             reduce using rule 8 (sentencia -> put .)
    DEF             reduce using rule 8 (sentencia -> put .)
    PUT             reduce using rule 8 (sentencia -> put .)
    CUP             reduce using rule 8 (sentencia -> put .)
    CDOWN           reduce using rule 8 (sentencia -> put .)
    CLEFT           reduce using rule 8 (sentencia -> put .)
    CRIGHT          reduce using rule 8 (sentencia -> put .)
    POS             reduce using rule 8 (sentencia -> put .)
    POSX            reduce using rule 8 (sentencia -> put .)
    POSY            reduce using rule 8 (sentencia -> put .)
    COLOR           reduce using rule 8 (sentencia -> put .)
    DOWN            reduce using rule 8 (sentencia -> put .)
    UP              reduce using rule 8 (sentencia -> put .)
    BEG             reduce using rule 8 (sentencia -> put .)
    ADDO            reduce using rule 8 (sentencia -> put .)
    SUBSTR          reduce using rule 8 (sentencia -> put .)
    EQUAL           reduce using rule 8 (sentencia -> put .)
    AND             reduce using rule 8 (sentencia -> put .)
    OR              reduce using rule 8 (sentencia -> put .)
    GREATER         reduce using rule 8 (sentencia -> put .)
    SMALLER         reduce using rule 8 (sentencia -> put .)
    RANDOM          reduce using rule 8 (sentencia -> put .)
    MULTO           reduce using rule 8 (sentencia -> put .)
    DIVO            reduce using rule 8 (sentencia -> put .)
    SUMO            reduce using rule 8 (sentencia -> put .)


state 36

    (9) sentencia -> cup .

    P_CLOSE         reduce using rule 9 (sentencia -> cup .)
    CASE            reduce using rule 9 (sentencia -> cup .)
    REPEAT          reduce using rule 9 (sentencia -> cup .)
    WHILE           reduce using rule 9 (sentencia -> cup .)
    FOR             reduce using rule 9 (sentencia -> cup .)
    DEF             reduce using rule 9 (sentencia -> cup .)
    PUT             reduce using rule 9 (sentencia -> cup .)
    CUP             reduce using rule 9 (sentencia -> cup .)
    CDOWN           reduce using rule 9 (sentencia -> cup .)
    CLEFT           reduce using rule 9 (sentencia -> cup .)
    CRIGHT          reduce using rule 9 (sentencia -> cup .)
    POS             reduce using rule 9 (sentencia -> cup .)
    POSX            reduce using rule 9 (sentencia -> cup .)
    POSY            reduce using rule 9 (sentencia -> cup .)
    COLOR           reduce using rule 9 (sentencia -> cup .)
    DOWN            reduce using rule 9 (sentencia -> cup .)
    UP              reduce using rule 9 (sentencia -> cup .)
    BEG             reduce using rule 9 (sentencia -> cup .)
    ADDO            reduce using rule 9 (sentencia -> cup .)
    SUBSTR          reduce using rule 9 (sentencia -> cup .)
    EQUAL           reduce using rule 9 (sentencia -> cup .)
    AND             reduce using rule 9 (sentencia -> cup .)
    OR              reduce using rule 9 (sentencia -> cup .)
    GREATER         reduce using rule 9 (sentencia -> cup .)
    SMALLER         reduce using rule 9 (sentencia -> cup .)
    RANDOM          reduce using rule 9 (sentencia -> cup .)
    MULTO           reduce using rule 9 (sentencia -> cup .)
    DIVO            reduce using rule 9 (sentencia -> cup .)
    SUMO            reduce using rule 9 (sentencia -> cup .)


state 37

    (10) sentencia -> cdown .

    P_CLOSE         reduce using rule 10 (sentencia -> cdown .)
    CASE            reduce using rule 10 (sentencia -> cdown .)
    REPEAT          reduce using rule 10 (sentencia -> cdown .)
    WHILE           reduce using rule 10 (sentencia -> cdown .)
    FOR             reduce using rule 10 (sentencia -> cdown .)
    DEF             reduce using rule 10 (sentencia -> cdown .)
    PUT             reduce using rule 10 (sentencia -> cdown .)
    CUP             reduce using rule 10 (sentencia -> cdown .)
    CDOWN           reduce using rule 10 (sentencia -> cdown .)
    CLEFT           reduce using rule 10 (sentencia -> cdown .)
    CRIGHT          reduce using rule 10 (sentencia -> cdown .)
    POS             reduce using rule 10 (sentencia -> cdown .)
    POSX            reduce using rule 10 (sentencia -> cdown .)
    POSY            reduce using rule 10 (sentencia -> cdown .)
    COLOR           reduce using rule 10 (sentencia -> cdown .)
    DOWN            reduce using rule 10 (sentencia -> cdown .)
    UP              reduce using rule 10 (sentencia -> cdown .)
    BEG             reduce using rule 10 (sentencia -> cdown .)
    ADDO            reduce using rule 10 (sentencia -> cdown .)
    SUBSTR          reduce using rule 10 (sentencia -> cdown .)
    EQUAL           reduce using rule 10 (sentencia -> cdown .)
    AND             reduce using rule 10 (sentencia -> cdown .)
    OR              reduce using rule 10 (sentencia -> cdown .)
    GREATER         reduce using rule 10 (sentencia -> cdown .)
    SMALLER         reduce using rule 10 (sentencia -> cdown .)
    RANDOM          reduce using rule 10 (sentencia -> cdown .)
    MULTO           reduce using rule 10 (sentencia -> cdown .)
    DIVO            reduce using rule 10 (sentencia -> cdown .)
    SUMO            reduce using rule 10 (sentencia -> cdown .)


state 38

    (11) sentencia -> cleft .

    P_CLOSE         reduce using rule 11 (sentencia -> cleft .)
    CASE            reduce using rule 11 (sentencia -> cleft .)
    REPEAT          reduce using rule 11 (sentencia -> cleft .)
    WHILE           reduce using rule 11 (sentencia -> cleft .)
    FOR             reduce using rule 11 (sentencia -> cleft .)
    DEF             reduce using rule 11 (sentencia -> cleft .)
    PUT             reduce using rule 11 (sentencia -> cleft .)
    CUP             reduce using rule 11 (sentencia -> cleft .)
    CDOWN           reduce using rule 11 (sentencia -> cleft .)
    CLEFT           reduce using rule 11 (sentencia -> cleft .)
    CRIGHT          reduce using rule 11 (sentencia -> cleft .)
    POS             reduce using rule 11 (sentencia -> cleft .)
    POSX            reduce using rule 11 (sentencia -> cleft .)
    POSY            reduce using rule 11 (sentencia -> cleft .)
    COLOR           reduce using rule 11 (sentencia -> cleft .)
    DOWN            reduce using rule 11 (sentencia -> cleft .)
    UP              reduce using rule 11 (sentencia -> cleft .)
    BEG             reduce using rule 11 (sentencia -> cleft .)
    ADDO            reduce using rule 11 (sentencia -> cleft .)
    SUBSTR          reduce using rule 11 (sentencia -> cleft .)
    EQUAL           reduce using rule 11 (sentencia -> cleft .)
    AND             reduce using rule 11 (sentencia -> cleft .)
    OR              reduce using rule 11 (sentencia -> cleft .)
    GREATER         reduce using rule 11 (sentencia -> cleft .)
    SMALLER         reduce using rule 11 (sentencia -> cleft .)
    RANDOM          reduce using rule 11 (sentencia -> cleft .)
    MULTO           reduce using rule 11 (sentencia -> cleft .)
    DIVO            reduce using rule 11 (sentencia -> cleft .)
    SUMO            reduce using rule 11 (sentencia -> cleft .)


state 39

    (12) sentencia -> cright .

    P_CLOSE         reduce using rule 12 (sentencia -> cright .)
    CASE            reduce using rule 12 (sentencia -> cright .)
    REPEAT          reduce using rule 12 (sentencia -> cright .)
    WHILE           reduce using rule 12 (sentencia -> cright .)
    FOR             reduce using rule 12 (sentencia -> cright .)
    DEF             reduce using rule 12 (sentencia -> cright .)
    PUT             reduce using rule 12 (sentencia -> cright .)
    CUP             reduce using rule 12 (sentencia -> cright .)
    CDOWN           reduce using rule 12 (sentencia -> cright .)
    CLEFT           reduce using rule 12 (sentencia -> cright .)
    CRIGHT          reduce using rule 12 (sentencia -> cright .)
    POS             reduce using rule 12 (sentencia -> cright .)
    POSX            reduce using rule 12 (sentencia -> cright .)
    POSY            reduce using rule 12 (sentencia -> cright .)
    COLOR           reduce using rule 12 (sentencia -> cright .)
    DOWN            reduce using rule 12 (sentencia -> cright .)
    UP              reduce using rule 12 (sentencia -> cright .)
    BEG             reduce using rule 12 (sentencia -> cright .)
    ADDO            reduce using rule 12 (sentencia -> cright .)
    SUBSTR          reduce using rule 12 (sentencia -> cright .)
    EQUAL           reduce using rule 12 (sentencia -> cright .)
    AND             reduce using rule 12 (sentencia -> cright .)
    OR              reduce using rule 12 (sentencia -> cright .)
    GREATER         reduce using rule 12 (sentencia -> cright .)
    SMALLER         reduce using rule 12 (sentencia -> cright .)
    RANDOM          reduce using rule 12 (sentencia -> cright .)
    MULTO           reduce using rule 12 (sentencia -> cright .)
    DIVO            reduce using rule 12 (sentencia -> cright .)
    SUMO            reduce using rule 12 (sentencia -> cright .)


state 40

    (13) sentencia -> pos .

    P_CLOSE         reduce using rule 13 (sentencia -> pos .)
    CASE            reduce using rule 13 (sentencia -> pos .)
    REPEAT          reduce using rule 13 (sentencia -> pos .)
    WHILE           reduce using rule 13 (sentencia -> pos .)
    FOR             reduce using rule 13 (sentencia -> pos .)
    DEF             reduce using rule 13 (sentencia -> pos .)
    PUT             reduce using rule 13 (sentencia -> pos .)
    CUP             reduce using rule 13 (sentencia -> pos .)
    CDOWN           reduce using rule 13 (sentencia -> pos .)
    CLEFT           reduce using rule 13 (sentencia -> pos .)
    CRIGHT          reduce using rule 13 (sentencia -> pos .)
    POS             reduce using rule 13 (sentencia -> pos .)
    POSX            reduce using rule 13 (sentencia -> pos .)
    POSY            reduce using rule 13 (sentencia -> pos .)
    COLOR           reduce using rule 13 (sentencia -> pos .)
    DOWN            reduce using rule 13 (sentencia -> pos .)
    UP              reduce using rule 13 (sentencia -> pos .)
    BEG             reduce using rule 13 (sentencia -> pos .)
    ADDO            reduce using rule 13 (sentencia -> pos .)
    SUBSTR          reduce using rule 13 (sentencia -> pos .)
    EQUAL           reduce using rule 13 (sentencia -> pos .)
    AND             reduce using rule 13 (sentencia -> pos .)
    OR              reduce using rule 13 (sentencia -> pos .)
    GREATER         reduce using rule 13 (sentencia -> pos .)
    SMALLER         reduce using rule 13 (sentencia -> pos .)
    RANDOM          reduce using rule 13 (sentencia -> pos .)
    MULTO           reduce using rule 13 (sentencia -> pos .)
    DIVO            reduce using rule 13 (sentencia -> pos .)
    SUMO            reduce using rule 13 (sentencia -> pos .)


state 41

    (14) sentencia -> posx .

    P_CLOSE         reduce using rule 14 (sentencia -> posx .)
    CASE            reduce using rule 14 (sentencia -> posx .)
    REPEAT          reduce using rule 14 (sentencia -> posx .)
    WHILE           reduce using rule 14 (sentencia -> posx .)
    FOR             reduce using rule 14 (sentencia -> posx .)
    DEF             reduce using rule 14 (sentencia -> posx .)
    PUT             reduce using rule 14 (sentencia -> posx .)
    CUP             reduce using rule 14 (sentencia -> posx .)
    CDOWN           reduce using rule 14 (sentencia -> posx .)
    CLEFT           reduce using rule 14 (sentencia -> posx .)
    CRIGHT          reduce using rule 14 (sentencia -> posx .)
    POS             reduce using rule 14 (sentencia -> posx .)
    POSX            reduce using rule 14 (sentencia -> posx .)
    POSY            reduce using rule 14 (sentencia -> posx .)
    COLOR           reduce using rule 14 (sentencia -> posx .)
    DOWN            reduce using rule 14 (sentencia -> posx .)
    UP              reduce using rule 14 (sentencia -> posx .)
    BEG             reduce using rule 14 (sentencia -> posx .)
    ADDO            reduce using rule 14 (sentencia -> posx .)
    SUBSTR          reduce using rule 14 (sentencia -> posx .)
    EQUAL           reduce using rule 14 (sentencia -> posx .)
    AND             reduce using rule 14 (sentencia -> posx .)
    OR              reduce using rule 14 (sentencia -> posx .)
    GREATER         reduce using rule 14 (sentencia -> posx .)
    SMALLER         reduce using rule 14 (sentencia -> posx .)
    RANDOM          reduce using rule 14 (sentencia -> posx .)
    MULTO           reduce using rule 14 (sentencia -> posx .)
    DIVO            reduce using rule 14 (sentencia -> posx .)
    SUMO            reduce using rule 14 (sentencia -> posx .)


state 42

    (15) sentencia -> posy .

    P_CLOSE         reduce using rule 15 (sentencia -> posy .)
    CASE            reduce using rule 15 (sentencia -> posy .)
    REPEAT          reduce using rule 15 (sentencia -> posy .)
    WHILE           reduce using rule 15 (sentencia -> posy .)
    FOR             reduce using rule 15 (sentencia -> posy .)
    DEF             reduce using rule 15 (sentencia -> posy .)
    PUT             reduce using rule 15 (sentencia -> posy .)
    CUP             reduce using rule 15 (sentencia -> posy .)
    CDOWN           reduce using rule 15 (sentencia -> posy .)
    CLEFT           reduce using rule 15 (sentencia -> posy .)
    CRIGHT          reduce using rule 15 (sentencia -> posy .)
    POS             reduce using rule 15 (sentencia -> posy .)
    POSX            reduce using rule 15 (sentencia -> posy .)
    POSY            reduce using rule 15 (sentencia -> posy .)
    COLOR           reduce using rule 15 (sentencia -> posy .)
    DOWN            reduce using rule 15 (sentencia -> posy .)
    UP              reduce using rule 15 (sentencia -> posy .)
    BEG             reduce using rule 15 (sentencia -> posy .)
    ADDO            reduce using rule 15 (sentencia -> posy .)
    SUBSTR          reduce using rule 15 (sentencia -> posy .)
    EQUAL           reduce using rule 15 (sentencia -> posy .)
    AND             reduce using rule 15 (sentencia -> posy .)
    OR              reduce using rule 15 (sentencia -> posy .)
    GREATER         reduce using rule 15 (sentencia -> posy .)
    SMALLER         reduce using rule 15 (sentencia -> posy .)
    RANDOM          reduce using rule 15 (sentencia -> posy .)
    MULTO           reduce using rule 15 (sentencia -> posy .)
    DIVO            reduce using rule 15 (sentencia -> posy .)
    SUMO            reduce using rule 15 (sentencia -> posy .)


state 43

    (16) sentencia -> color .

    P_CLOSE         reduce using rule 16 (sentencia -> color .)
    CASE            reduce using rule 16 (sentencia -> color .)
    REPEAT          reduce using rule 16 (sentencia -> color .)
    WHILE           reduce using rule 16 (sentencia -> color .)
    FOR             reduce using rule 16 (sentencia -> color .)
    DEF             reduce using rule 16 (sentencia -> color .)
    PUT             reduce using rule 16 (sentencia -> color .)
    CUP             reduce using rule 16 (sentencia -> color .)
    CDOWN           reduce using rule 16 (sentencia -> color .)
    CLEFT           reduce using rule 16 (sentencia -> color .)
    CRIGHT          reduce using rule 16 (sentencia -> color .)
    POS             reduce using rule 16 (sentencia -> color .)
    POSX            reduce using rule 16 (sentencia -> color .)
    POSY            reduce using rule 16 (sentencia -> color .)
    COLOR           reduce using rule 16 (sentencia -> color .)
    DOWN            reduce using rule 16 (sentencia -> color .)
    UP              reduce using rule 16 (sentencia -> color .)
    BEG             reduce using rule 16 (sentencia -> color .)
    ADDO            reduce using rule 16 (sentencia -> color .)
    SUBSTR          reduce using rule 16 (sentencia -> color .)
    EQUAL           reduce using rule 16 (sentencia -> color .)
    AND             reduce using rule 16 (sentencia -> color .)
    OR              reduce using rule 16 (sentencia -> color .)
    GREATER         reduce using rule 16 (sentencia -> color .)
    SMALLER         reduce using rule 16 (sentencia -> color .)
    RANDOM          reduce using rule 16 (sentencia -> color .)
    MULTO           reduce using rule 16 (sentencia -> color .)
    DIVO            reduce using rule 16 (sentencia -> color .)
    SUMO            reduce using rule 16 (sentencia -> color .)


state 44

    (17) sentencia -> down .

    P_CLOSE         reduce using rule 17 (sentencia -> down .)
    CASE            reduce using rule 17 (sentencia -> down .)
    REPEAT          reduce using rule 17 (sentencia -> down .)
    WHILE           reduce using rule 17 (sentencia -> down .)
    FOR             reduce using rule 17 (sentencia -> down .)
    DEF             reduce using rule 17 (sentencia -> down .)
    PUT             reduce using rule 17 (sentencia -> down .)
    CUP             reduce using rule 17 (sentencia -> down .)
    CDOWN           reduce using rule 17 (sentencia -> down .)
    CLEFT           reduce using rule 17 (sentencia -> down .)
    CRIGHT          reduce using rule 17 (sentencia -> down .)
    POS             reduce using rule 17 (sentencia -> down .)
    POSX            reduce using rule 17 (sentencia -> down .)
    POSY            reduce using rule 17 (sentencia -> down .)
    COLOR           reduce using rule 17 (sentencia -> down .)
    DOWN            reduce using rule 17 (sentencia -> down .)
    UP              reduce using rule 17 (sentencia -> down .)
    BEG             reduce using rule 17 (sentencia -> down .)
    ADDO            reduce using rule 17 (sentencia -> down .)
    SUBSTR          reduce using rule 17 (sentencia -> down .)
    EQUAL           reduce using rule 17 (sentencia -> down .)
    AND             reduce using rule 17 (sentencia -> down .)
    OR              reduce using rule 17 (sentencia -> down .)
    GREATER         reduce using rule 17 (sentencia -> down .)
    SMALLER         reduce using rule 17 (sentencia -> down .)
    RANDOM          reduce using rule 17 (sentencia -> down .)
    MULTO           reduce using rule 17 (sentencia -> down .)
    DIVO            reduce using rule 17 (sentencia -> down .)
    SUMO            reduce using rule 17 (sentencia -> down .)


state 45

    (18) sentencia -> up .

    P_CLOSE         reduce using rule 18 (sentencia -> up .)
    CASE            reduce using rule 18 (sentencia -> up .)
    REPEAT          reduce using rule 18 (sentencia -> up .)
    WHILE           reduce using rule 18 (sentencia -> up .)
    FOR             reduce using rule 18 (sentencia -> up .)
    DEF             reduce using rule 18 (sentencia -> up .)
    PUT             reduce using rule 18 (sentencia -> up .)
    CUP             reduce using rule 18 (sentencia -> up .)
    CDOWN           reduce using rule 18 (sentencia -> up .)
    CLEFT           reduce using rule 18 (sentencia -> up .)
    CRIGHT          reduce using rule 18 (sentencia -> up .)
    POS             reduce using rule 18 (sentencia -> up .)
    POSX            reduce using rule 18 (sentencia -> up .)
    POSY            reduce using rule 18 (sentencia -> up .)
    COLOR           reduce using rule 18 (sentencia -> up .)
    DOWN            reduce using rule 18 (sentencia -> up .)
    UP              reduce using rule 18 (sentencia -> up .)
    BEG             reduce using rule 18 (sentencia -> up .)
    ADDO            reduce using rule 18 (sentencia -> up .)
    SUBSTR          reduce using rule 18 (sentencia -> up .)
    EQUAL           reduce using rule 18 (sentencia -> up .)
    AND             reduce using rule 18 (sentencia -> up .)
    OR              reduce using rule 18 (sentencia -> up .)
    GREATER         reduce using rule 18 (sentencia -> up .)
    SMALLER         reduce using rule 18 (sentencia -> up .)
    RANDOM          reduce using rule 18 (sentencia -> up .)
    MULTO           reduce using rule 18 (sentencia -> up .)
    DIVO            reduce using rule 18 (sentencia -> up .)
    SUMO            reduce using rule 18 (sentencia -> up .)


state 46

    (19) sentencia -> begining .

    P_CLOSE         reduce using rule 19 (sentencia -> begining .)
    CASE            reduce using rule 19 (sentencia -> begining .)
    REPEAT          reduce using rule 19 (sentencia -> begining .)
    WHILE           reduce using rule 19 (sentencia -> begining .)
    FOR             reduce using rule 19 (sentencia -> begining .)
    DEF             reduce using rule 19 (sentencia -> begining .)
    PUT             reduce using rule 19 (sentencia -> begining .)
    CUP             reduce using rule 19 (sentencia -> begining .)
    CDOWN           reduce using rule 19 (sentencia -> begining .)
    CLEFT           reduce using rule 19 (sentencia -> begining .)
    CRIGHT          reduce using rule 19 (sentencia -> begining .)
    POS             reduce using rule 19 (sentencia -> begining .)
    POSX            reduce using rule 19 (sentencia -> begining .)
    POSY            reduce using rule 19 (sentencia -> begining .)
    COLOR           reduce using rule 19 (sentencia -> begining .)
    DOWN            reduce using rule 19 (sentencia -> begining .)
    UP              reduce using rule 19 (sentencia -> begining .)
    BEG             reduce using rule 19 (sentencia -> begining .)
    ADDO            reduce using rule 19 (sentencia -> begining .)
    SUBSTR          reduce using rule 19 (sentencia -> begining .)
    EQUAL           reduce using rule 19 (sentencia -> begining .)
    AND             reduce using rule 19 (sentencia -> begining .)
    OR              reduce using rule 19 (sentencia -> begining .)
    GREATER         reduce using rule 19 (sentencia -> begining .)
    SMALLER         reduce using rule 19 (sentencia -> begining .)
    RANDOM          reduce using rule 19 (sentencia -> begining .)
    MULTO           reduce using rule 19 (sentencia -> begining .)
    DIVO            reduce using rule 19 (sentencia -> begining .)
    SUMO            reduce using rule 19 (sentencia -> begining .)


state 47

    (81) case -> CASE . ID caseaux_list END CASE SEMICOLON
    (82) case -> CASE . ID caseaux_list ELSE P_OPEN sentencia_list P_CLOSE END CASE SEMICOLON

    ID              shift and go to state 92


state 48

    (77) repeat -> REPEAT . P_OPEN sentencia_list P_CLOSE UNTIL P_OPEN n2 P_CLOSE SEMICOLON

    P_OPEN          shift and go to state 93


state 49

    (76) whiles -> WHILE . P_OPEN n2 P_CLOSE P_OPEN sentencia_list P_CLOSE WHEND SEMICOLON

    P_OPEN          shift and go to state 94


state 50

    (75) forloops -> FOR . ID PAR_OPEN NUMBER TO NUMBER PAR_CLOSE LOOP P_OPEN sentencia_list P_CLOSE END LOOP SEMICOLON

    ID              shift and go to state 95


state 51

    (38) operation -> add .

    P_CLOSE         reduce using rule 38 (operation -> add .)
    CASE            reduce using rule 38 (operation -> add .)
    REPEAT          reduce using rule 38 (operation -> add .)
    WHILE           reduce using rule 38 (operation -> add .)
    FOR             reduce using rule 38 (operation -> add .)
    DEF             reduce using rule 38 (operation -> add .)
    PUT             reduce using rule 38 (operation -> add .)
    CUP             reduce using rule 38 (operation -> add .)
    CDOWN           reduce using rule 38 (operation -> add .)
    CLEFT           reduce using rule 38 (operation -> add .)
    CRIGHT          reduce using rule 38 (operation -> add .)
    POS             reduce using rule 38 (operation -> add .)
    POSX            reduce using rule 38 (operation -> add .)
    POSY            reduce using rule 38 (operation -> add .)
    COLOR           reduce using rule 38 (operation -> add .)
    DOWN            reduce using rule 38 (operation -> add .)
    UP              reduce using rule 38 (operation -> add .)
    BEG             reduce using rule 38 (operation -> add .)
    ADDO            reduce using rule 38 (operation -> add .)
    SUBSTR          reduce using rule 38 (operation -> add .)
    EQUAL           reduce using rule 38 (operation -> add .)
    AND             reduce using rule 38 (operation -> add .)
    OR              reduce using rule 38 (operation -> add .)
    GREATER         reduce using rule 38 (operation -> add .)
    SMALLER         reduce using rule 38 (operation -> add .)
    RANDOM          reduce using rule 38 (operation -> add .)
    MULTO           reduce using rule 38 (operation -> add .)
    DIVO            reduce using rule 38 (operation -> add .)
    SUMO            reduce using rule 38 (operation -> add .)
    SEMICOLON       reduce using rule 38 (operation -> add .)
    COLON           reduce using rule 38 (operation -> add .)
    PAR_CLOSE       reduce using rule 38 (operation -> add .)


state 52

    (39) operation -> sub .

    P_CLOSE         reduce using rule 39 (operation -> sub .)
    CASE            reduce using rule 39 (operation -> sub .)
    REPEAT          reduce using rule 39 (operation -> sub .)
    WHILE           reduce using rule 39 (operation -> sub .)
    FOR             reduce using rule 39 (operation -> sub .)
    DEF             reduce using rule 39 (operation -> sub .)
    PUT             reduce using rule 39 (operation -> sub .)
    CUP             reduce using rule 39 (operation -> sub .)
    CDOWN           reduce using rule 39 (operation -> sub .)
    CLEFT           reduce using rule 39 (operation -> sub .)
    CRIGHT          reduce using rule 39 (operation -> sub .)
    POS             reduce using rule 39 (operation -> sub .)
    POSX            reduce using rule 39 (operation -> sub .)
    POSY            reduce using rule 39 (operation -> sub .)
    COLOR           reduce using rule 39 (operation -> sub .)
    DOWN            reduce using rule 39 (operation -> sub .)
    UP              reduce using rule 39 (operation -> sub .)
    BEG             reduce using rule 39 (operation -> sub .)
    ADDO            reduce using rule 39 (operation -> sub .)
    SUBSTR          reduce using rule 39 (operation -> sub .)
    EQUAL           reduce using rule 39 (operation -> sub .)
    AND             reduce using rule 39 (operation -> sub .)
    OR              reduce using rule 39 (operation -> sub .)
    GREATER         reduce using rule 39 (operation -> sub .)
    SMALLER         reduce using rule 39 (operation -> sub .)
    RANDOM          reduce using rule 39 (operation -> sub .)
    MULTO           reduce using rule 39 (operation -> sub .)
    DIVO            reduce using rule 39 (operation -> sub .)
    SUMO            reduce using rule 39 (operation -> sub .)
    SEMICOLON       reduce using rule 39 (operation -> sub .)
    COLON           reduce using rule 39 (operation -> sub .)
    PAR_CLOSE       reduce using rule 39 (operation -> sub .)


state 53

    (40) operation -> equal .

    P_CLOSE         reduce using rule 40 (operation -> equal .)
    CASE            reduce using rule 40 (operation -> equal .)
    REPEAT          reduce using rule 40 (operation -> equal .)
    WHILE           reduce using rule 40 (operation -> equal .)
    FOR             reduce using rule 40 (operation -> equal .)
    DEF             reduce using rule 40 (operation -> equal .)
    PUT             reduce using rule 40 (operation -> equal .)
    CUP             reduce using rule 40 (operation -> equal .)
    CDOWN           reduce using rule 40 (operation -> equal .)
    CLEFT           reduce using rule 40 (operation -> equal .)
    CRIGHT          reduce using rule 40 (operation -> equal .)
    POS             reduce using rule 40 (operation -> equal .)
    POSX            reduce using rule 40 (operation -> equal .)
    POSY            reduce using rule 40 (operation -> equal .)
    COLOR           reduce using rule 40 (operation -> equal .)
    DOWN            reduce using rule 40 (operation -> equal .)
    UP              reduce using rule 40 (operation -> equal .)
    BEG             reduce using rule 40 (operation -> equal .)
    ADDO            reduce using rule 40 (operation -> equal .)
    SUBSTR          reduce using rule 40 (operation -> equal .)
    EQUAL           reduce using rule 40 (operation -> equal .)
    AND             reduce using rule 40 (operation -> equal .)
    OR              reduce using rule 40 (operation -> equal .)
    GREATER         reduce using rule 40 (operation -> equal .)
    SMALLER         reduce using rule 40 (operation -> equal .)
    RANDOM          reduce using rule 40 (operation -> equal .)
    MULTO           reduce using rule 40 (operation -> equal .)
    DIVO            reduce using rule 40 (operation -> equal .)
    SUMO            reduce using rule 40 (operation -> equal .)
    SEMICOLON       reduce using rule 40 (operation -> equal .)
    COLON           reduce using rule 40 (operation -> equal .)
    PAR_CLOSE       reduce using rule 40 (operation -> equal .)


state 54

    (41) operation -> and .

    P_CLOSE         reduce using rule 41 (operation -> and .)
    CASE            reduce using rule 41 (operation -> and .)
    REPEAT          reduce using rule 41 (operation -> and .)
    WHILE           reduce using rule 41 (operation -> and .)
    FOR             reduce using rule 41 (operation -> and .)
    DEF             reduce using rule 41 (operation -> and .)
    PUT             reduce using rule 41 (operation -> and .)
    CUP             reduce using rule 41 (operation -> and .)
    CDOWN           reduce using rule 41 (operation -> and .)
    CLEFT           reduce using rule 41 (operation -> and .)
    CRIGHT          reduce using rule 41 (operation -> and .)
    POS             reduce using rule 41 (operation -> and .)
    POSX            reduce using rule 41 (operation -> and .)
    POSY            reduce using rule 41 (operation -> and .)
    COLOR           reduce using rule 41 (operation -> and .)
    DOWN            reduce using rule 41 (operation -> and .)
    UP              reduce using rule 41 (operation -> and .)
    BEG             reduce using rule 41 (operation -> and .)
    ADDO            reduce using rule 41 (operation -> and .)
    SUBSTR          reduce using rule 41 (operation -> and .)
    EQUAL           reduce using rule 41 (operation -> and .)
    AND             reduce using rule 41 (operation -> and .)
    OR              reduce using rule 41 (operation -> and .)
    GREATER         reduce using rule 41 (operation -> and .)
    SMALLER         reduce using rule 41 (operation -> and .)
    RANDOM          reduce using rule 41 (operation -> and .)
    MULTO           reduce using rule 41 (operation -> and .)
    DIVO            reduce using rule 41 (operation -> and .)
    SUMO            reduce using rule 41 (operation -> and .)
    SEMICOLON       reduce using rule 41 (operation -> and .)
    COLON           reduce using rule 41 (operation -> and .)
    PAR_CLOSE       reduce using rule 41 (operation -> and .)


state 55

    (42) operation -> or .

    P_CLOSE         reduce using rule 42 (operation -> or .)
    CASE            reduce using rule 42 (operation -> or .)
    REPEAT          reduce using rule 42 (operation -> or .)
    WHILE           reduce using rule 42 (operation -> or .)
    FOR             reduce using rule 42 (operation -> or .)
    DEF             reduce using rule 42 (operation -> or .)
    PUT             reduce using rule 42 (operation -> or .)
    CUP             reduce using rule 42 (operation -> or .)
    CDOWN           reduce using rule 42 (operation -> or .)
    CLEFT           reduce using rule 42 (operation -> or .)
    CRIGHT          reduce using rule 42 (operation -> or .)
    POS             reduce using rule 42 (operation -> or .)
    POSX            reduce using rule 42 (operation -> or .)
    POSY            reduce using rule 42 (operation -> or .)
    COLOR           reduce using rule 42 (operation -> or .)
    DOWN            reduce using rule 42 (operation -> or .)
    UP              reduce using rule 42 (operation -> or .)
    BEG             reduce using rule 42 (operation -> or .)
    ADDO            reduce using rule 42 (operation -> or .)
    SUBSTR          reduce using rule 42 (operation -> or .)
    EQUAL           reduce using rule 42 (operation -> or .)
    AND             reduce using rule 42 (operation -> or .)
    OR              reduce using rule 42 (operation -> or .)
    GREATER         reduce using rule 42 (operation -> or .)
    SMALLER         reduce using rule 42 (operation -> or .)
    RANDOM          reduce using rule 42 (operation -> or .)
    MULTO           reduce using rule 42 (operation -> or .)
    DIVO            reduce using rule 42 (operation -> or .)
    SUMO            reduce using rule 42 (operation -> or .)
    SEMICOLON       reduce using rule 42 (operation -> or .)
    COLON           reduce using rule 42 (operation -> or .)
    PAR_CLOSE       reduce using rule 42 (operation -> or .)


state 56

    (43) operation -> greater .

    P_CLOSE         reduce using rule 43 (operation -> greater .)
    CASE            reduce using rule 43 (operation -> greater .)
    REPEAT          reduce using rule 43 (operation -> greater .)
    WHILE           reduce using rule 43 (operation -> greater .)
    FOR             reduce using rule 43 (operation -> greater .)
    DEF             reduce using rule 43 (operation -> greater .)
    PUT             reduce using rule 43 (operation -> greater .)
    CUP             reduce using rule 43 (operation -> greater .)
    CDOWN           reduce using rule 43 (operation -> greater .)
    CLEFT           reduce using rule 43 (operation -> greater .)
    CRIGHT          reduce using rule 43 (operation -> greater .)
    POS             reduce using rule 43 (operation -> greater .)
    POSX            reduce using rule 43 (operation -> greater .)
    POSY            reduce using rule 43 (operation -> greater .)
    COLOR           reduce using rule 43 (operation -> greater .)
    DOWN            reduce using rule 43 (operation -> greater .)
    UP              reduce using rule 43 (operation -> greater .)
    BEG             reduce using rule 43 (operation -> greater .)
    ADDO            reduce using rule 43 (operation -> greater .)
    SUBSTR          reduce using rule 43 (operation -> greater .)
    EQUAL           reduce using rule 43 (operation -> greater .)
    AND             reduce using rule 43 (operation -> greater .)
    OR              reduce using rule 43 (operation -> greater .)
    GREATER         reduce using rule 43 (operation -> greater .)
    SMALLER         reduce using rule 43 (operation -> greater .)
    RANDOM          reduce using rule 43 (operation -> greater .)
    MULTO           reduce using rule 43 (operation -> greater .)
    DIVO            reduce using rule 43 (operation -> greater .)
    SUMO            reduce using rule 43 (operation -> greater .)
    SEMICOLON       reduce using rule 43 (operation -> greater .)
    COLON           reduce using rule 43 (operation -> greater .)
    PAR_CLOSE       reduce using rule 43 (operation -> greater .)


state 57

    (44) operation -> smaller .

    P_CLOSE         reduce using rule 44 (operation -> smaller .)
    CASE            reduce using rule 44 (operation -> smaller .)
    REPEAT          reduce using rule 44 (operation -> smaller .)
    WHILE           reduce using rule 44 (operation -> smaller .)
    FOR             reduce using rule 44 (operation -> smaller .)
    DEF             reduce using rule 44 (operation -> smaller .)
    PUT             reduce using rule 44 (operation -> smaller .)
    CUP             reduce using rule 44 (operation -> smaller .)
    CDOWN           reduce using rule 44 (operation -> smaller .)
    CLEFT           reduce using rule 44 (operation -> smaller .)
    CRIGHT          reduce using rule 44 (operation -> smaller .)
    POS             reduce using rule 44 (operation -> smaller .)
    POSX            reduce using rule 44 (operation -> smaller .)
    POSY            reduce using rule 44 (operation -> smaller .)
    COLOR           reduce using rule 44 (operation -> smaller .)
    DOWN            reduce using rule 44 (operation -> smaller .)
    UP              reduce using rule 44 (operation -> smaller .)
    BEG             reduce using rule 44 (operation -> smaller .)
    ADDO            reduce using rule 44 (operation -> smaller .)
    SUBSTR          reduce using rule 44 (operation -> smaller .)
    EQUAL           reduce using rule 44 (operation -> smaller .)
    AND             reduce using rule 44 (operation -> smaller .)
    OR              reduce using rule 44 (operation -> smaller .)
    GREATER         reduce using rule 44 (operation -> smaller .)
    SMALLER         reduce using rule 44 (operation -> smaller .)
    RANDOM          reduce using rule 44 (operation -> smaller .)
    MULTO           reduce using rule 44 (operation -> smaller .)
    DIVO            reduce using rule 44 (operation -> smaller .)
    SUMO            reduce using rule 44 (operation -> smaller .)
    SEMICOLON       reduce using rule 44 (operation -> smaller .)
    COLON           reduce using rule 44 (operation -> smaller .)
    PAR_CLOSE       reduce using rule 44 (operation -> smaller .)


state 58

    (45) operation -> random .

    P_CLOSE         reduce using rule 45 (operation -> random .)
    CASE            reduce using rule 45 (operation -> random .)
    REPEAT          reduce using rule 45 (operation -> random .)
    WHILE           reduce using rule 45 (operation -> random .)
    FOR             reduce using rule 45 (operation -> random .)
    DEF             reduce using rule 45 (operation -> random .)
    PUT             reduce using rule 45 (operation -> random .)
    CUP             reduce using rule 45 (operation -> random .)
    CDOWN           reduce using rule 45 (operation -> random .)
    CLEFT           reduce using rule 45 (operation -> random .)
    CRIGHT          reduce using rule 45 (operation -> random .)
    POS             reduce using rule 45 (operation -> random .)
    POSX            reduce using rule 45 (operation -> random .)
    POSY            reduce using rule 45 (operation -> random .)
    COLOR           reduce using rule 45 (operation -> random .)
    DOWN            reduce using rule 45 (operation -> random .)
    UP              reduce using rule 45 (operation -> random .)
    BEG             reduce using rule 45 (operation -> random .)
    ADDO            reduce using rule 45 (operation -> random .)
    SUBSTR          reduce using rule 45 (operation -> random .)
    EQUAL           reduce using rule 45 (operation -> random .)
    AND             reduce using rule 45 (operation -> random .)
    OR              reduce using rule 45 (operation -> random .)
    GREATER         reduce using rule 45 (operation -> random .)
    SMALLER         reduce using rule 45 (operation -> random .)
    RANDOM          reduce using rule 45 (operation -> random .)
    MULTO           reduce using rule 45 (operation -> random .)
    DIVO            reduce using rule 45 (operation -> random .)
    SUMO            reduce using rule 45 (operation -> random .)
    SEMICOLON       reduce using rule 45 (operation -> random .)
    COLON           reduce using rule 45 (operation -> random .)
    PAR_CLOSE       reduce using rule 45 (operation -> random .)


state 59

    (46) operation -> mult .

    P_CLOSE         reduce using rule 46 (operation -> mult .)
    CASE            reduce using rule 46 (operation -> mult .)
    REPEAT          reduce using rule 46 (operation -> mult .)
    WHILE           reduce using rule 46 (operation -> mult .)
    FOR             reduce using rule 46 (operation -> mult .)
    DEF             reduce using rule 46 (operation -> mult .)
    PUT             reduce using rule 46 (operation -> mult .)
    CUP             reduce using rule 46 (operation -> mult .)
    CDOWN           reduce using rule 46 (operation -> mult .)
    CLEFT           reduce using rule 46 (operation -> mult .)
    CRIGHT          reduce using rule 46 (operation -> mult .)
    POS             reduce using rule 46 (operation -> mult .)
    POSX            reduce using rule 46 (operation -> mult .)
    POSY            reduce using rule 46 (operation -> mult .)
    COLOR           reduce using rule 46 (operation -> mult .)
    DOWN            reduce using rule 46 (operation -> mult .)
    UP              reduce using rule 46 (operation -> mult .)
    BEG             reduce using rule 46 (operation -> mult .)
    ADDO            reduce using rule 46 (operation -> mult .)
    SUBSTR          reduce using rule 46 (operation -> mult .)
    EQUAL           reduce using rule 46 (operation -> mult .)
    AND             reduce using rule 46 (operation -> mult .)
    OR              reduce using rule 46 (operation -> mult .)
    GREATER         reduce using rule 46 (operation -> mult .)
    SMALLER         reduce using rule 46 (operation -> mult .)
    RANDOM          reduce using rule 46 (operation -> mult .)
    MULTO           reduce using rule 46 (operation -> mult .)
    DIVO            reduce using rule 46 (operation -> mult .)
    SUMO            reduce using rule 46 (operation -> mult .)
    SEMICOLON       reduce using rule 46 (operation -> mult .)
    COLON           reduce using rule 46 (operation -> mult .)
    PAR_CLOSE       reduce using rule 46 (operation -> mult .)


state 60

    (47) operation -> div .

    P_CLOSE         reduce using rule 47 (operation -> div .)
    CASE            reduce using rule 47 (operation -> div .)
    REPEAT          reduce using rule 47 (operation -> div .)
    WHILE           reduce using rule 47 (operation -> div .)
    FOR             reduce using rule 47 (operation -> div .)
    DEF             reduce using rule 47 (operation -> div .)
    PUT             reduce using rule 47 (operation -> div .)
    CUP             reduce using rule 47 (operation -> div .)
    CDOWN           reduce using rule 47 (operation -> div .)
    CLEFT           reduce using rule 47 (operation -> div .)
    CRIGHT          reduce using rule 47 (operation -> div .)
    POS             reduce using rule 47 (operation -> div .)
    POSX            reduce using rule 47 (operation -> div .)
    POSY            reduce using rule 47 (operation -> div .)
    COLOR           reduce using rule 47 (operation -> div .)
    DOWN            reduce using rule 47 (operation -> div .)
    UP              reduce using rule 47 (operation -> div .)
    BEG             reduce using rule 47 (operation -> div .)
    ADDO            reduce using rule 47 (operation -> div .)
    SUBSTR          reduce using rule 47 (operation -> div .)
    EQUAL           reduce using rule 47 (operation -> div .)
    AND             reduce using rule 47 (operation -> div .)
    OR              reduce using rule 47 (operation -> div .)
    GREATER         reduce using rule 47 (operation -> div .)
    SMALLER         reduce using rule 47 (operation -> div .)
    RANDOM          reduce using rule 47 (operation -> div .)
    MULTO           reduce using rule 47 (operation -> div .)
    DIVO            reduce using rule 47 (operation -> div .)
    SUMO            reduce using rule 47 (operation -> div .)
    SEMICOLON       reduce using rule 47 (operation -> div .)
    COLON           reduce using rule 47 (operation -> div .)
    PAR_CLOSE       reduce using rule 47 (operation -> div .)


state 61

    (48) operation -> sum .

    P_CLOSE         reduce using rule 48 (operation -> sum .)
    CASE            reduce using rule 48 (operation -> sum .)
    REPEAT          reduce using rule 48 (operation -> sum .)
    WHILE           reduce using rule 48 (operation -> sum .)
    FOR             reduce using rule 48 (operation -> sum .)
    DEF             reduce using rule 48 (operation -> sum .)
    PUT             reduce using rule 48 (operation -> sum .)
    CUP             reduce using rule 48 (operation -> sum .)
    CDOWN           reduce using rule 48 (operation -> sum .)
    CLEFT           reduce using rule 48 (operation -> sum .)
    CRIGHT          reduce using rule 48 (operation -> sum .)
    POS             reduce using rule 48 (operation -> sum .)
    POSX            reduce using rule 48 (operation -> sum .)
    POSY            reduce using rule 48 (operation -> sum .)
    COLOR           reduce using rule 48 (operation -> sum .)
    DOWN            reduce using rule 48 (operation -> sum .)
    UP              reduce using rule 48 (operation -> sum .)
    BEG             reduce using rule 48 (operation -> sum .)
    ADDO            reduce using rule 48 (operation -> sum .)
    SUBSTR          reduce using rule 48 (operation -> sum .)
    EQUAL           reduce using rule 48 (operation -> sum .)
    AND             reduce using rule 48 (operation -> sum .)
    OR              reduce using rule 48 (operation -> sum .)
    GREATER         reduce using rule 48 (operation -> sum .)
    SMALLER         reduce using rule 48 (operation -> sum .)
    RANDOM          reduce using rule 48 (operation -> sum .)
    MULTO           reduce using rule 48 (operation -> sum .)
    DIVO            reduce using rule 48 (operation -> sum .)
    SUMO            reduce using rule 48 (operation -> sum .)
    SEMICOLON       reduce using rule 48 (operation -> sum .)
    COLON           reduce using rule 48 (operation -> sum .)
    PAR_CLOSE       reduce using rule 48 (operation -> sum .)


state 62

    (37) def -> DEF . PAR_OPEN ID COLON n6 PAR_CLOSE SEMICOLON

    PAR_OPEN        shift and go to state 96


state 63

    (61) put -> PUT . PAR_OPEN ID COLON n1 PAR_CLOSE SEMICOLON

    PAR_OPEN        shift and go to state 97


state 64

    (62) cup -> CUP . n2 SEMICOLON
    (23) n2 -> . NUMBER
    (24) n2 -> . operation
    (25) n2 -> . ID
    (38) operation -> . add
    (39) operation -> . sub
    (40) operation -> . equal
    (41) operation -> . and
    (42) operation -> . or
    (43) operation -> . greater
    (44) operation -> . smaller
    (45) operation -> . random
    (46) operation -> . mult
    (47) operation -> . div
    (48) operation -> . sum
    (49) add -> . ADDO PAR_OPEN ID PAR_CLOSE SEMICOLON
    (50) add -> . ADDO PAR_OPEN ID COLON n2 PAR_CLOSE SEMICOLON
    (52) sub -> . SUBSTR PAR_OPEN n3 COLON n2 PAR_CLOSE SEMICOLON
    (51) equal -> . EQUAL PAR_OPEN n2 COLON n2 PAR_CLOSE SEMICOLON
    (53) and -> . AND PAR_OPEN n4 COLON n4 PAR_CLOSE SEMICOLON
    (54) or -> . OR PAR_OPEN n4 COLON n4 PAR_CLOSE SEMICOLON
    (55) greater -> . GREATER PAR_OPEN n2 COLON n2 PAR_CLOSE SEMICOLON
    (56) smaller -> . SMALLER PAR_OPEN n2 COLON n2 PAR_CLOSE SEMICOLON
    (57) random -> . RANDOM PAR_OPEN n3 PAR_CLOSE SEMICOLON
    (58) mult -> . MULTO PAR_OPEN n3 COLON n2 PAR_CLOSE SEMICOLON
    (59) div -> . DIVO PAR_OPEN n3 COLON n2 PAR_CLOSE SEMICOLON
    (60) sum -> . SUMO PAR_OPEN n3 COLON n2 PAR_CLOSE SEMICOLON

    NUMBER          shift and go to state 99
    ID              shift and go to state 101
    ADDO            shift and go to state 75
    SUBSTR          shift and go to state 76
    EQUAL           shift and go to state 77
    AND             shift and go to state 78
    OR              shift and go to state 79
    GREATER         shift and go to state 80
    SMALLER         shift and go to state 81
    RANDOM          shift and go to state 82
    MULTO           shift and go to state 83
    DIVO            shift and go to state 84
    SUMO            shift and go to state 85

    n2                             shift and go to state 98
    operation                      shift and go to state 100
    add                            shift and go to state 51
    sub                            shift and go to state 52
    equal                          shift and go to state 53
    and                            shift and go to state 54
    or                             shift and go to state 55
    greater                        shift and go to state 56
    smaller                        shift and go to state 57
    random                         shift and go to state 58
    mult                           shift and go to state 59
    div                            shift and go to state 60
    sum                            shift and go to state 61

state 65

    (63) cdown -> CDOWN . n2 SEMICOLON
    (23) n2 -> . NUMBER
    (24) n2 -> . operation
    (25) n2 -> . ID
    (38) operation -> . add
    (39) operation -> . sub
    (40) operation -> . equal
    (41) operation -> . and
    (42) operation -> . or
    (43) operation -> . greater
    (44) operation -> . smaller
    (45) operation -> . random
    (46) operation -> . mult
    (47) operation -> . div
    (48) operation -> . sum
    (49) add -> . ADDO PAR_OPEN ID PAR_CLOSE SEMICOLON
    (50) add -> . ADDO PAR_OPEN ID COLON n2 PAR_CLOSE SEMICOLON
    (52) sub -> . SUBSTR PAR_OPEN n3 COLON n2 PAR_CLOSE SEMICOLON
    (51) equal -> . EQUAL PAR_OPEN n2 COLON n2 PAR_CLOSE SEMICOLON
    (53) and -> . AND PAR_OPEN n4 COLON n4 PAR_CLOSE SEMICOLON
    (54) or -> . OR PAR_OPEN n4 COLON n4 PAR_CLOSE SEMICOLON
    (55) greater -> . GREATER PAR_OPEN n2 COLON n2 PAR_CLOSE SEMICOLON
    (56) smaller -> . SMALLER PAR_OPEN n2 COLON n2 PAR_CLOSE SEMICOLON
    (57) random -> . RANDOM PAR_OPEN n3 PAR_CLOSE SEMICOLON
    (58) mult -> . MULTO PAR_OPEN n3 COLON n2 PAR_CLOSE SEMICOLON
    (59) div -> . DIVO PAR_OPEN n3 COLON n2 PAR_CLOSE SEMICOLON
    (60) sum -> . SUMO PAR_OPEN n3 COLON n2 PAR_CLOSE SEMICOLON

    NUMBER          shift and go to state 99
    ID              shift and go to state 101
    ADDO            shift and go to state 75
    SUBSTR          shift and go to state 76
    EQUAL           shift and go to state 77
    AND             shift and go to state 78
    OR              shift and go to state 79
    GREATER         shift and go to state 80
    SMALLER         shift and go to state 81
    RANDOM          shift and go to state 82
    MULTO           shift and go to state 83
    DIVO            shift and go to state 84
    SUMO            shift and go to state 85

    n2                             shift and go to state 102
    operation                      shift and go to state 100
    add                            shift and go to state 51
    sub                            shift and go to state 52
    equal                          shift and go to state 53
    and                            shift and go to state 54
    or                             shift and go to state 55
    greater                        shift and go to state 56
    smaller                        shift and go to state 57
    random                         shift and go to state 58
    mult                           shift and go to state 59
    div                            shift and go to state 60
    sum                            shift and go to state 61

state 66

    (65) cleft -> CLEFT . n2 SEMICOLON
    (23) n2 -> . NUMBER
    (24) n2 -> . operation
    (25) n2 -> . ID
    (38) operation -> . add
    (39) operation -> . sub
    (40) operation -> . equal
    (41) operation -> . and
    (42) operation -> . or
    (43) operation -> . greater
    (44) operation -> . smaller
    (45) operation -> . random
    (46) operation -> . mult
    (47) operation -> . div
    (48) operation -> . sum
    (49) add -> . ADDO PAR_OPEN ID PAR_CLOSE SEMICOLON
    (50) add -> . ADDO PAR_OPEN ID COLON n2 PAR_CLOSE SEMICOLON
    (52) sub -> . SUBSTR PAR_OPEN n3 COLON n2 PAR_CLOSE SEMICOLON
    (51) equal -> . EQUAL PAR_OPEN n2 COLON n2 PAR_CLOSE SEMICOLON
    (53) and -> . AND PAR_OPEN n4 COLON n4 PAR_CLOSE SEMICOLON
    (54) or -> . OR PAR_OPEN n4 COLON n4 PAR_CLOSE SEMICOLON
    (55) greater -> . GREATER PAR_OPEN n2 COLON n2 PAR_CLOSE SEMICOLON
    (56) smaller -> . SMALLER PAR_OPEN n2 COLON n2 PAR_CLOSE SEMICOLON
    (57) random -> . RANDOM PAR_OPEN n3 PAR_CLOSE SEMICOLON
    (58) mult -> . MULTO PAR_OPEN n3 COLON n2 PAR_CLOSE SEMICOLON
    (59) div -> . DIVO PAR_OPEN n3 COLON n2 PAR_CLOSE SEMICOLON
    (60) sum -> . SUMO PAR_OPEN n3 COLON n2 PAR_CLOSE SEMICOLON

    NUMBER          shift and go to state 99
    ID              shift and go to state 101
    ADDO            shift and go to state 75
    SUBSTR          shift and go to state 76
    EQUAL           shift and go to state 77
    AND             shift and go to state 78
    OR              shift and go to state 79
    GREATER         shift and go to state 80
    SMALLER         shift and go to state 81
    RANDOM          shift and go to state 82
    MULTO           shift and go to state 83
    DIVO            shift and go to state 84
    SUMO            shift and go to state 85

    n2                             shift and go to state 103
    operation                      shift and go to state 100
    add                            shift and go to state 51
    sub                            shift and go to state 52
    equal                          shift and go to state 53
    and                            shift and go to state 54
    or                             shift and go to state 55
    greater                        shift and go to state 56
    smaller                        shift and go to state 57
    random                         shift and go to state 58
    mult                           shift and go to state 59
    div                            shift and go to state 60
    sum                            shift and go to state 61

state 67

    (64) cright -> CRIGHT . n2 SEMICOLON
    (23) n2 -> . NUMBER
    (24) n2 -> . operation
    (25) n2 -> . ID
    (38) operation -> . add
    (39) operation -> . sub
    (40) operation -> . equal
    (41) operation -> . and
    (42) operation -> . or
    (43) operation -> . greater
    (44) operation -> . smaller
    (45) operation -> . random
    (46) operation -> . mult
    (47) operation -> . div
    (48) operation -> . sum
    (49) add -> . ADDO PAR_OPEN ID PAR_CLOSE SEMICOLON
    (50) add -> . ADDO PAR_OPEN ID COLON n2 PAR_CLOSE SEMICOLON
    (52) sub -> . SUBSTR PAR_OPEN n3 COLON n2 PAR_CLOSE SEMICOLON
    (51) equal -> . EQUAL PAR_OPEN n2 COLON n2 PAR_CLOSE SEMICOLON
    (53) and -> . AND PAR_OPEN n4 COLON n4 PAR_CLOSE SEMICOLON
    (54) or -> . OR PAR_OPEN n4 COLON n4 PAR_CLOSE SEMICOLON
    (55) greater -> . GREATER PAR_OPEN n2 COLON n2 PAR_CLOSE SEMICOLON
    (56) smaller -> . SMALLER PAR_OPEN n2 COLON n2 PAR_CLOSE SEMICOLON
    (57) random -> . RANDOM PAR_OPEN n3 PAR_CLOSE SEMICOLON
    (58) mult -> . MULTO PAR_OPEN n3 COLON n2 PAR_CLOSE SEMICOLON
    (59) div -> . DIVO PAR_OPEN n3 COLON n2 PAR_CLOSE SEMICOLON
    (60) sum -> . SUMO PAR_OPEN n3 COLON n2 PAR_CLOSE SEMICOLON

    NUMBER          shift and go to state 99
    ID              shift and go to state 101
    ADDO            shift and go to state 75
    SUBSTR          shift and go to state 76
    EQUAL           shift and go to state 77
    AND             shift and go to state 78
    OR              shift and go to state 79
    GREATER         shift and go to state 80
    SMALLER         shift and go to state 81
    RANDOM          shift and go to state 82
    MULTO           shift and go to state 83
    DIVO            shift and go to state 84
    SUMO            shift and go to state 85

    n2                             shift and go to state 104
    operation                      shift and go to state 100
    add                            shift and go to state 51
    sub                            shift and go to state 52
    equal                          shift and go to state 53
    and                            shift and go to state 54
    or                             shift and go to state 55
    greater                        shift and go to state 56
    smaller                        shift and go to state 57
    random                         shift and go to state 58
    mult                           shift and go to state 59
    div                            shift and go to state 60
    sum                            shift and go to state 61

state 68

    (66) pos -> POS . PAR_OPEN n2 COLON n2 PAR_CLOSE SEMICOLON

    PAR_OPEN        shift and go to state 105


state 69

    (67) posx -> POSX . n2 SEMICOLON
    (23) n2 -> . NUMBER
    (24) n2 -> . operation
    (25) n2 -> . ID
    (38) operation -> . add
    (39) operation -> . sub
    (40) operation -> . equal
    (41) operation -> . and
    (42) operation -> . or
    (43) operation -> . greater
    (44) operation -> . smaller
    (45) operation -> . random
    (46) operation -> . mult
    (47) operation -> . div
    (48) operation -> . sum
    (49) add -> . ADDO PAR_OPEN ID PAR_CLOSE SEMICOLON
    (50) add -> . ADDO PAR_OPEN ID COLON n2 PAR_CLOSE SEMICOLON
    (52) sub -> . SUBSTR PAR_OPEN n3 COLON n2 PAR_CLOSE SEMICOLON
    (51) equal -> . EQUAL PAR_OPEN n2 COLON n2 PAR_CLOSE SEMICOLON
    (53) and -> . AND PAR_OPEN n4 COLON n4 PAR_CLOSE SEMICOLON
    (54) or -> . OR PAR_OPEN n4 COLON n4 PAR_CLOSE SEMICOLON
    (55) greater -> . GREATER PAR_OPEN n2 COLON n2 PAR_CLOSE SEMICOLON
    (56) smaller -> . SMALLER PAR_OPEN n2 COLON n2 PAR_CLOSE SEMICOLON
    (57) random -> . RANDOM PAR_OPEN n3 PAR_CLOSE SEMICOLON
    (58) mult -> . MULTO PAR_OPEN n3 COLON n2 PAR_CLOSE SEMICOLON
    (59) div -> . DIVO PAR_OPEN n3 COLON n2 PAR_CLOSE SEMICOLON
    (60) sum -> . SUMO PAR_OPEN n3 COLON n2 PAR_CLOSE SEMICOLON

    NUMBER          shift and go to state 99
    ID              shift and go to state 101
    ADDO            shift and go to state 75
    SUBSTR          shift and go to state 76
    EQUAL           shift and go to state 77
    AND             shift and go to state 78
    OR              shift and go to state 79
    GREATER         shift and go to state 80
    SMALLER         shift and go to state 81
    RANDOM          shift and go to state 82
    MULTO           shift and go to state 83
    DIVO            shift and go to state 84
    SUMO            shift and go to state 85

    n2                             shift and go to state 106
    operation                      shift and go to state 100
    add                            shift and go to state 51
    sub                            shift and go to state 52
    equal                          shift and go to state 53
    and                            shift and go to state 54
    or                             shift and go to state 55
    greater                        shift and go to state 56
    smaller                        shift and go to state 57
    random                         shift and go to state 58
    mult                           shift and go to state 59
    div                            shift and go to state 60
    sum                            shift and go to state 61

state 70

    (68) posy -> POSY . n2 SEMICOLON
    (23) n2 -> . NUMBER
    (24) n2 -> . operation
    (25) n2 -> . ID
    (38) operation -> . add
    (39) operation -> . sub
    (40) operation -> . equal
    (41) operation -> . and
    (42) operation -> . or
    (43) operation -> . greater
    (44) operation -> . smaller
    (45) operation -> . random
    (46) operation -> . mult
    (47) operation -> . div
    (48) operation -> . sum
    (49) add -> . ADDO PAR_OPEN ID PAR_CLOSE SEMICOLON
    (50) add -> . ADDO PAR_OPEN ID COLON n2 PAR_CLOSE SEMICOLON
    (52) sub -> . SUBSTR PAR_OPEN n3 COLON n2 PAR_CLOSE SEMICOLON
    (51) equal -> . EQUAL PAR_OPEN n2 COLON n2 PAR_CLOSE SEMICOLON
    (53) and -> . AND PAR_OPEN n4 COLON n4 PAR_CLOSE SEMICOLON
    (54) or -> . OR PAR_OPEN n4 COLON n4 PAR_CLOSE SEMICOLON
    (55) greater -> . GREATER PAR_OPEN n2 COLON n2 PAR_CLOSE SEMICOLON
    (56) smaller -> . SMALLER PAR_OPEN n2 COLON n2 PAR_CLOSE SEMICOLON
    (57) random -> . RANDOM PAR_OPEN n3 PAR_CLOSE SEMICOLON
    (58) mult -> . MULTO PAR_OPEN n3 COLON n2 PAR_CLOSE SEMICOLON
    (59) div -> . DIVO PAR_OPEN n3 COLON n2 PAR_CLOSE SEMICOLON
    (60) sum -> . SUMO PAR_OPEN n3 COLON n2 PAR_CLOSE SEMICOLON

    NUMBER          shift and go to state 99
    ID              shift and go to state 101
    ADDO            shift and go to state 75
    SUBSTR          shift and go to state 76
    EQUAL           shift and go to state 77
    AND             shift and go to state 78
    OR              shift and go to state 79
    GREATER         shift and go to state 80
    SMALLER         shift and go to state 81
    RANDOM          shift and go to state 82
    MULTO           shift and go to state 83
    DIVO            shift and go to state 84
    SUMO            shift and go to state 85

    n2                             shift and go to state 107
    operation                      shift and go to state 100
    add                            shift and go to state 51
    sub                            shift and go to state 52
    equal                          shift and go to state 53
    and                            shift and go to state 54
    or                             shift and go to state 55
    greater                        shift and go to state 56
    smaller                        shift and go to state 57
    random                         shift and go to state 58
    mult                           shift and go to state 59
    div                            shift and go to state 60
    sum                            shift and go to state 61

state 71

    (69) color -> COLOR . n2 SEMICOLON
    (23) n2 -> . NUMBER
    (24) n2 -> . operation
    (25) n2 -> . ID
    (38) operation -> . add
    (39) operation -> . sub
    (40) operation -> . equal
    (41) operation -> . and
    (42) operation -> . or
    (43) operation -> . greater
    (44) operation -> . smaller
    (45) operation -> . random
    (46) operation -> . mult
    (47) operation -> . div
    (48) operation -> . sum
    (49) add -> . ADDO PAR_OPEN ID PAR_CLOSE SEMICOLON
    (50) add -> . ADDO PAR_OPEN ID COLON n2 PAR_CLOSE SEMICOLON
    (52) sub -> . SUBSTR PAR_OPEN n3 COLON n2 PAR_CLOSE SEMICOLON
    (51) equal -> . EQUAL PAR_OPEN n2 COLON n2 PAR_CLOSE SEMICOLON
    (53) and -> . AND PAR_OPEN n4 COLON n4 PAR_CLOSE SEMICOLON
    (54) or -> . OR PAR_OPEN n4 COLON n4 PAR_CLOSE SEMICOLON
    (55) greater -> . GREATER PAR_OPEN n2 COLON n2 PAR_CLOSE SEMICOLON
    (56) smaller -> . SMALLER PAR_OPEN n2 COLON n2 PAR_CLOSE SEMICOLON
    (57) random -> . RANDOM PAR_OPEN n3 PAR_CLOSE SEMICOLON
    (58) mult -> . MULTO PAR_OPEN n3 COLON n2 PAR_CLOSE SEMICOLON
    (59) div -> . DIVO PAR_OPEN n3 COLON n2 PAR_CLOSE SEMICOLON
    (60) sum -> . SUMO PAR_OPEN n3 COLON n2 PAR_CLOSE SEMICOLON

    NUMBER          shift and go to state 99
    ID              shift and go to state 101
    ADDO            shift and go to state 75
    SUBSTR          shift and go to state 76
    EQUAL           shift and go to state 77
    AND             shift and go to state 78
    OR              shift and go to state 79
    GREATER         shift and go to state 80
    SMALLER         shift and go to state 81
    RANDOM          shift and go to state 82
    MULTO           shift and go to state 83
    DIVO            shift and go to state 84
    SUMO            shift and go to state 85

    n2                             shift and go to state 108
    operation                      shift and go to state 100
    add                            shift and go to state 51
    sub                            shift and go to state 52
    equal                          shift and go to state 53
    and                            shift and go to state 54
    or                             shift and go to state 55
    greater                        shift and go to state 56
    smaller                        shift and go to state 57
    random                         shift and go to state 58
    mult                           shift and go to state 59
    div                            shift and go to state 60
    sum                            shift and go to state 61

state 72

    (70) down -> DOWN . SEMICOLON

    SEMICOLON       shift and go to state 109


state 73

    (71) up -> UP . SEMICOLON

    SEMICOLON       shift and go to state 110


state 74

    (72) begining -> BEG . SEMICOLON

    SEMICOLON       shift and go to state 111


state 75

    (49) add -> ADDO . PAR_OPEN ID PAR_CLOSE SEMICOLON
    (50) add -> ADDO . PAR_OPEN ID COLON n2 PAR_CLOSE SEMICOLON

    PAR_OPEN        shift and go to state 112


state 76

    (52) sub -> SUBSTR . PAR_OPEN n3 COLON n2 PAR_CLOSE SEMICOLON

    PAR_OPEN        shift and go to state 113


state 77

    (51) equal -> EQUAL . PAR_OPEN n2 COLON n2 PAR_CLOSE SEMICOLON

    PAR_OPEN        shift and go to state 114


state 78

    (53) and -> AND . PAR_OPEN n4 COLON n4 PAR_CLOSE SEMICOLON

    PAR_OPEN        shift and go to state 115


state 79

    (54) or -> OR . PAR_OPEN n4 COLON n4 PAR_CLOSE SEMICOLON

    PAR_OPEN        shift and go to state 116


state 80

    (55) greater -> GREATER . PAR_OPEN n2 COLON n2 PAR_CLOSE SEMICOLON

    PAR_OPEN        shift and go to state 117


state 81

    (56) smaller -> SMALLER . PAR_OPEN n2 COLON n2 PAR_CLOSE SEMICOLON

    PAR_OPEN        shift and go to state 118


state 82

    (57) random -> RANDOM . PAR_OPEN n3 PAR_CLOSE SEMICOLON

    PAR_OPEN        shift and go to state 119


state 83

    (58) mult -> MULTO . PAR_OPEN n3 COLON n2 PAR_CLOSE SEMICOLON

    PAR_OPEN        shift and go to state 120


state 84

    (59) div -> DIVO . PAR_OPEN n3 COLON n2 PAR_CLOSE SEMICOLON

    PAR_OPEN        shift and go to state 121


state 85

    (60) sum -> SUMO . PAR_OPEN n3 COLON n2 PAR_CLOSE SEMICOLON

    PAR_OPEN        shift and go to state 122


state 86

    (97) Main -> MAIN PAR_OPEN PAR_CLOSE P_OPEN main_list P_CLOSE . SEMICOLON END

    SEMICOLON       shift and go to state 123


state 87

    (96) main_list -> main_list llamada .

    P_CLOSE         reduce using rule 96 (main_list -> main_list llamada .)
    CALL            reduce using rule 96 (main_list -> main_list llamada .)


state 88

    (85) llamada -> CALL ID . PAR_OPEN PAR_CLOSE SEMICOLON

    PAR_OPEN        shift and go to state 124


state 89

    (4) procedure -> PROC ID PAR_OPEN paramet_list PAR_CLOSE P_OPEN codigo_list . P_CLOSE SEMICOLON END SEMICOLON
    (94) codigo_list -> codigo_list . codigo
    (88) codigo -> . sentencia
    (89) codigo -> . case
    (90) codigo -> . repeat
    (91) codigo -> . whiles
    (92) codigo -> . forloops
    (6) sentencia -> . operation
    (7) sentencia -> . def
    (8) sentencia -> . put
    (9) sentencia -> . cup
    (10) sentencia -> . cdown
    (11) sentencia -> . cleft
    (12) sentencia -> . cright
    (13) sentencia -> . pos
    (14) sentencia -> . posx
    (15) sentencia -> . posy
    (16) sentencia -> . color
    (17) sentencia -> . down
    (18) sentencia -> . up
    (19) sentencia -> . begining
    (81) case -> . CASE ID caseaux_list END CASE SEMICOLON
    (82) case -> . CASE ID caseaux_list ELSE P_OPEN sentencia_list P_CLOSE END CASE SEMICOLON
    (77) repeat -> . REPEAT P_OPEN sentencia_list P_CLOSE UNTIL P_OPEN n2 P_CLOSE SEMICOLON
    (76) whiles -> . WHILE P_OPEN n2 P_CLOSE P_OPEN sentencia_list P_CLOSE WHEND SEMICOLON
    (75) forloops -> . FOR ID PAR_OPEN NUMBER TO NUMBER PAR_CLOSE LOOP P_OPEN sentencia_list P_CLOSE END LOOP SEMICOLON
    (38) operation -> . add
    (39) operation -> . sub
    (40) operation -> . equal
    (41) operation -> . and
    (42) operation -> . or
    (43) operation -> . greater
    (44) operation -> . smaller
    (45) operation -> . random
    (46) operation -> . mult
    (47) operation -> . div
    (48) operation -> . sum
    (37) def -> . DEF PAR_OPEN ID COLON n6 PAR_CLOSE SEMICOLON
    (61) put -> . PUT PAR_OPEN ID COLON n1 PAR_CLOSE SEMICOLON
    (62) cup -> . CUP n2 SEMICOLON
    (63) cdown -> . CDOWN n2 SEMICOLON
    (65) cleft -> . CLEFT n2 SEMICOLON
    (64) cright -> . CRIGHT n2 SEMICOLON
    (66) pos -> . POS PAR_OPEN n2 COLON n2 PAR_CLOSE SEMICOLON
    (67) posx -> . POSX n2 SEMICOLON
    (68) posy -> . POSY n2 SEMICOLON
    (69) color -> . COLOR n2 SEMICOLON
    (70) down -> . DOWN SEMICOLON
    (71) up -> . UP SEMICOLON
    (72) begining -> . BEG SEMICOLON
    (49) add -> . ADDO PAR_OPEN ID PAR_CLOSE SEMICOLON
    (50) add -> . ADDO PAR_OPEN ID COLON n2 PAR_CLOSE SEMICOLON
    (52) sub -> . SUBSTR PAR_OPEN n3 COLON n2 PAR_CLOSE SEMICOLON
    (51) equal -> . EQUAL PAR_OPEN n2 COLON n2 PAR_CLOSE SEMICOLON
    (53) and -> . AND PAR_OPEN n4 COLON n4 PAR_CLOSE SEMICOLON
    (54) or -> . OR PAR_OPEN n4 COLON n4 PAR_CLOSE SEMICOLON
    (55) greater -> . GREATER PAR_OPEN n2 COLON n2 PAR_CLOSE SEMICOLON
    (56) smaller -> . SMALLER PAR_OPEN n2 COLON n2 PAR_CLOSE SEMICOLON
    (57) random -> . RANDOM PAR_OPEN n3 PAR_CLOSE SEMICOLON
    (58) mult -> . MULTO PAR_OPEN n3 COLON n2 PAR_CLOSE SEMICOLON
    (59) div -> . DIVO PAR_OPEN n3 COLON n2 PAR_CLOSE SEMICOLON
    (60) sum -> . SUMO PAR_OPEN n3 COLON n2 PAR_CLOSE SEMICOLON

    P_CLOSE         shift and go to state 125
    CASE            shift and go to state 47
    REPEAT          shift and go to state 48
    WHILE           shift and go to state 49
    FOR             shift and go to state 50
    DEF             shift and go to state 62
    PUT             shift and go to state 63
    CUP             shift and go to state 64
    CDOWN           shift and go to state 65
    CLEFT           shift and go to state 66
    CRIGHT          shift and go to state 67
    POS             shift and go to state 68
    POSX            shift and go to state 69
    POSY            shift and go to state 70
    COLOR           shift and go to state 71
    DOWN            shift and go to state 72
    UP              shift and go to state 73
    BEG             shift and go to state 74
    ADDO            shift and go to state 75
    SUBSTR          shift and go to state 76
    EQUAL           shift and go to state 77
    AND             shift and go to state 78
    OR              shift and go to state 79
    GREATER         shift and go to state 80
    SMALLER         shift and go to state 81
    RANDOM          shift and go to state 82
    MULTO           shift and go to state 83
    DIVO            shift and go to state 84
    SUMO            shift and go to state 85

    codigo                         shift and go to state 91
    sentencia                      shift and go to state 28
    case                           shift and go to state 29
    repeat                         shift and go to state 30
    whiles                         shift and go to state 31
    forloops                       shift and go to state 32
    operation                      shift and go to state 33
    def                            shift and go to state 34
    put                            shift and go to state 35
    cup                            shift and go to state 36
    cdown                          shift and go to state 37
    cleft                          shift and go to state 38
    cright                         shift and go to state 39
    pos                            shift and go to state 40
    posx                           shift and go to state 41
    posy                           shift and go to state 42
    color                          shift and go to state 43
    down                           shift and go to state 44
    up                             shift and go to state 45
    begining                       shift and go to state 46
    add                            shift and go to state 51
    sub                            shift and go to state 52
    equal                          shift and go to state 53
    and                            shift and go to state 54
    or                             shift and go to state 55
    greater                        shift and go to state 56
    smaller                        shift and go to state 57
    random                         shift and go to state 58
    mult                           shift and go to state 59
    div                            shift and go to state 60
    sum                            shift and go to state 61

state 90

    (5) procedure -> PROC ID PAR_OPEN PAR_CLOSE P_OPEN codigo_list P_CLOSE . SEMICOLON END SEMICOLON

    SEMICOLON       shift and go to state 126


state 91

    (94) codigo_list -> codigo_list codigo .

    P_CLOSE         reduce using rule 94 (codigo_list -> codigo_list codigo .)
    CASE            reduce using rule 94 (codigo_list -> codigo_list codigo .)
    REPEAT          reduce using rule 94 (codigo_list -> codigo_list codigo .)
    WHILE           reduce using rule 94 (codigo_list -> codigo_list codigo .)
    FOR             reduce using rule 94 (codigo_list -> codigo_list codigo .)
    DEF             reduce using rule 94 (codigo_list -> codigo_list codigo .)
    PUT             reduce using rule 94 (codigo_list -> codigo_list codigo .)
    CUP             reduce using rule 94 (codigo_list -> codigo_list codigo .)
    CDOWN           reduce using rule 94 (codigo_list -> codigo_list codigo .)
    CLEFT           reduce using rule 94 (codigo_list -> codigo_list codigo .)
    CRIGHT          reduce using rule 94 (codigo_list -> codigo_list codigo .)
    POS             reduce using rule 94 (codigo_list -> codigo_list codigo .)
    POSX            reduce using rule 94 (codigo_list -> codigo_list codigo .)
    POSY            reduce using rule 94 (codigo_list -> codigo_list codigo .)
    COLOR           reduce using rule 94 (codigo_list -> codigo_list codigo .)
    DOWN            reduce using rule 94 (codigo_list -> codigo_list codigo .)
    UP              reduce using rule 94 (codigo_list -> codigo_list codigo .)
    BEG             reduce using rule 94 (codigo_list -> codigo_list codigo .)
    ADDO            reduce using rule 94 (codigo_list -> codigo_list codigo .)
    SUBSTR          reduce using rule 94 (codigo_list -> codigo_list codigo .)
    EQUAL           reduce using rule 94 (codigo_list -> codigo_list codigo .)
    AND             reduce using rule 94 (codigo_list -> codigo_list codigo .)
    OR              reduce using rule 94 (codigo_list -> codigo_list codigo .)
    GREATER         reduce using rule 94 (codigo_list -> codigo_list codigo .)
    SMALLER         reduce using rule 94 (codigo_list -> codigo_list codigo .)
    RANDOM          reduce using rule 94 (codigo_list -> codigo_list codigo .)
    MULTO           reduce using rule 94 (codigo_list -> codigo_list codigo .)
    DIVO            reduce using rule 94 (codigo_list -> codigo_list codigo .)
    SUMO            reduce using rule 94 (codigo_list -> codigo_list codigo .)


state 92

    (81) case -> CASE ID . caseaux_list END CASE SEMICOLON
    (82) case -> CASE ID . caseaux_list ELSE P_OPEN sentencia_list P_CLOSE END CASE SEMICOLON
    (79) caseaux_list -> . caseaux
    (80) caseaux_list -> . caseaux_list caseaux
    (78) caseaux -> . WHEN n6 THEN P_OPEN sentencia_list P_CLOSE SEMICOLON

    WHEN            shift and go to state 129

    caseaux_list                   shift and go to state 127
    caseaux                        shift and go to state 128

state 93

    (77) repeat -> REPEAT P_OPEN . sentencia_list P_CLOSE UNTIL P_OPEN n2 P_CLOSE SEMICOLON
    (73) sentencia_list -> . sentencia
    (74) sentencia_list -> . sentencia_list sentencia
    (6) sentencia -> . operation
    (7) sentencia -> . def
    (8) sentencia -> . put
    (9) sentencia -> . cup
    (10) sentencia -> . cdown
    (11) sentencia -> . cleft
    (12) sentencia -> . cright
    (13) sentencia -> . pos
    (14) sentencia -> . posx
    (15) sentencia -> . posy
    (16) sentencia -> . color
    (17) sentencia -> . down
    (18) sentencia -> . up
    (19) sentencia -> . begining
    (38) operation -> . add
    (39) operation -> . sub
    (40) operation -> . equal
    (41) operation -> . and
    (42) operation -> . or
    (43) operation -> . greater
    (44) operation -> . smaller
    (45) operation -> . random
    (46) operation -> . mult
    (47) operation -> . div
    (48) operation -> . sum
    (37) def -> . DEF PAR_OPEN ID COLON n6 PAR_CLOSE SEMICOLON
    (61) put -> . PUT PAR_OPEN ID COLON n1 PAR_CLOSE SEMICOLON
    (62) cup -> . CUP n2 SEMICOLON
    (63) cdown -> . CDOWN n2 SEMICOLON
    (65) cleft -> . CLEFT n2 SEMICOLON
    (64) cright -> . CRIGHT n2 SEMICOLON
    (66) pos -> . POS PAR_OPEN n2 COLON n2 PAR_CLOSE SEMICOLON
    (67) posx -> . POSX n2 SEMICOLON
    (68) posy -> . POSY n2 SEMICOLON
    (69) color -> . COLOR n2 SEMICOLON
    (70) down -> . DOWN SEMICOLON
    (71) up -> . UP SEMICOLON
    (72) begining -> . BEG SEMICOLON
    (49) add -> . ADDO PAR_OPEN ID PAR_CLOSE SEMICOLON
    (50) add -> . ADDO PAR_OPEN ID COLON n2 PAR_CLOSE SEMICOLON
    (52) sub -> . SUBSTR PAR_OPEN n3 COLON n2 PAR_CLOSE SEMICOLON
    (51) equal -> . EQUAL PAR_OPEN n2 COLON n2 PAR_CLOSE SEMICOLON
    (53) and -> . AND PAR_OPEN n4 COLON n4 PAR_CLOSE SEMICOLON
    (54) or -> . OR PAR_OPEN n4 COLON n4 PAR_CLOSE SEMICOLON
    (55) greater -> . GREATER PAR_OPEN n2 COLON n2 PAR_CLOSE SEMICOLON
    (56) smaller -> . SMALLER PAR_OPEN n2 COLON n2 PAR_CLOSE SEMICOLON
    (57) random -> . RANDOM PAR_OPEN n3 PAR_CLOSE SEMICOLON
    (58) mult -> . MULTO PAR_OPEN n3 COLON n2 PAR_CLOSE SEMICOLON
    (59) div -> . DIVO PAR_OPEN n3 COLON n2 PAR_CLOSE SEMICOLON
    (60) sum -> . SUMO PAR_OPEN n3 COLON n2 PAR_CLOSE SEMICOLON

    DEF             shift and go to state 62
    PUT             shift and go to state 63
    CUP             shift and go to state 64
    CDOWN           shift and go to state 65
    CLEFT           shift and go to state 66
    CRIGHT          shift and go to state 67
    POS             shift and go to state 68
    POSX            shift and go to state 69
    POSY            shift and go to state 70
    COLOR           shift and go to state 71
    DOWN            shift and go to state 72
    UP              shift and go to state 73
    BEG             shift and go to state 74
    ADDO            shift and go to state 75
    SUBSTR          shift and go to state 76
    EQUAL           shift and go to state 77
    AND             shift and go to state 78
    OR              shift and go to state 79
    GREATER         shift and go to state 80
    SMALLER         shift and go to state 81
    RANDOM          shift and go to state 82
    MULTO           shift and go to state 83
    DIVO            shift and go to state 84
    SUMO            shift and go to state 85

    sentencia_list                 shift and go to state 130
    sentencia                      shift and go to state 131
    operation                      shift and go to state 33
    def                            shift and go to state 34
    put                            shift and go to state 35
    cup                            shift and go to state 36
    cdown                          shift and go to state 37
    cleft                          shift and go to state 38
    cright                         shift and go to state 39
    pos                            shift and go to state 40
    posx                           shift and go to state 41
    posy                           shift and go to state 42
    color                          shift and go to state 43
    down                           shift and go to state 44
    up                             shift and go to state 45
    begining                       shift and go to state 46
    add                            shift and go to state 51
    sub                            shift and go to state 52
    equal                          shift and go to state 53
    and                            shift and go to state 54
    or                             shift and go to state 55
    greater                        shift and go to state 56
    smaller                        shift and go to state 57
    random                         shift and go to state 58
    mult                           shift and go to state 59
    div                            shift and go to state 60
    sum                            shift and go to state 61

state 94

    (76) whiles -> WHILE P_OPEN . n2 P_CLOSE P_OPEN sentencia_list P_CLOSE WHEND SEMICOLON
    (23) n2 -> . NUMBER
    (24) n2 -> . operation
    (25) n2 -> . ID
    (38) operation -> . add
    (39) operation -> . sub
    (40) operation -> . equal
    (41) operation -> . and
    (42) operation -> . or
    (43) operation -> . greater
    (44) operation -> . smaller
    (45) operation -> . random
    (46) operation -> . mult
    (47) operation -> . div
    (48) operation -> . sum
    (49) add -> . ADDO PAR_OPEN ID PAR_CLOSE SEMICOLON
    (50) add -> . ADDO PAR_OPEN ID COLON n2 PAR_CLOSE SEMICOLON
    (52) sub -> . SUBSTR PAR_OPEN n3 COLON n2 PAR_CLOSE SEMICOLON
    (51) equal -> . EQUAL PAR_OPEN n2 COLON n2 PAR_CLOSE SEMICOLON
    (53) and -> . AND PAR_OPEN n4 COLON n4 PAR_CLOSE SEMICOLON
    (54) or -> . OR PAR_OPEN n4 COLON n4 PAR_CLOSE SEMICOLON
    (55) greater -> . GREATER PAR_OPEN n2 COLON n2 PAR_CLOSE SEMICOLON
    (56) smaller -> . SMALLER PAR_OPEN n2 COLON n2 PAR_CLOSE SEMICOLON
    (57) random -> . RANDOM PAR_OPEN n3 PAR_CLOSE SEMICOLON
    (58) mult -> . MULTO PAR_OPEN n3 COLON n2 PAR_CLOSE SEMICOLON
    (59) div -> . DIVO PAR_OPEN n3 COLON n2 PAR_CLOSE SEMICOLON
    (60) sum -> . SUMO PAR_OPEN n3 COLON n2 PAR_CLOSE SEMICOLON

    NUMBER          shift and go to state 99
    ID              shift and go to state 101
    ADDO            shift and go to state 75
    SUBSTR          shift and go to state 76
    EQUAL           shift and go to state 77
    AND             shift and go to state 78
    OR              shift and go to state 79
    GREATER         shift and go to state 80
    SMALLER         shift and go to state 81
    RANDOM          shift and go to state 82
    MULTO           shift and go to state 83
    DIVO            shift and go to state 84
    SUMO            shift and go to state 85

    n2                             shift and go to state 132
    operation                      shift and go to state 100
    add                            shift and go to state 51
    sub                            shift and go to state 52
    equal                          shift and go to state 53
    and                            shift and go to state 54
    or                             shift and go to state 55
    greater                        shift and go to state 56
    smaller                        shift and go to state 57
    random                         shift and go to state 58
    mult                           shift and go to state 59
    div                            shift and go to state 60
    sum                            shift and go to state 61

state 95

    (75) forloops -> FOR ID . PAR_OPEN NUMBER TO NUMBER PAR_CLOSE LOOP P_OPEN sentencia_list P_CLOSE END LOOP SEMICOLON

    PAR_OPEN        shift and go to state 133


state 96

    (37) def -> DEF PAR_OPEN . ID COLON n6 PAR_CLOSE SEMICOLON

    ID              shift and go to state 134


state 97

    (61) put -> PUT PAR_OPEN . ID COLON n1 PAR_CLOSE SEMICOLON

    ID              shift and go to state 135


state 98

    (62) cup -> CUP n2 . SEMICOLON

    SEMICOLON       shift and go to state 136


state 99

    (23) n2 -> NUMBER .

    SEMICOLON       reduce using rule 23 (n2 -> NUMBER .)
    P_CLOSE         reduce using rule 23 (n2 -> NUMBER .)
    COLON           reduce using rule 23 (n2 -> NUMBER .)
    PAR_CLOSE       reduce using rule 23 (n2 -> NUMBER .)


state 100

    (24) n2 -> operation .

    SEMICOLON       reduce using rule 24 (n2 -> operation .)
    P_CLOSE         reduce using rule 24 (n2 -> operation .)
    COLON           reduce using rule 24 (n2 -> operation .)
    PAR_CLOSE       reduce using rule 24 (n2 -> operation .)


state 101

    (25) n2 -> ID .

    SEMICOLON       reduce using rule 25 (n2 -> ID .)
    P_CLOSE         reduce using rule 25 (n2 -> ID .)
    COLON           reduce using rule 25 (n2 -> ID .)
    PAR_CLOSE       reduce using rule 25 (n2 -> ID .)


state 102

    (63) cdown -> CDOWN n2 . SEMICOLON

    SEMICOLON       shift and go to state 137


state 103

    (65) cleft -> CLEFT n2 . SEMICOLON

    SEMICOLON       shift and go to state 138


state 104

    (64) cright -> CRIGHT n2 . SEMICOLON

    SEMICOLON       shift and go to state 139


state 105

    (66) pos -> POS PAR_OPEN . n2 COLON n2 PAR_CLOSE SEMICOLON
    (23) n2 -> . NUMBER
    (24) n2 -> . operation
    (25) n2 -> . ID
    (38) operation -> . add
    (39) operation -> . sub
    (40) operation -> . equal
    (41) operation -> . and
    (42) operation -> . or
    (43) operation -> . greater
    (44) operation -> . smaller
    (45) operation -> . random
    (46) operation -> . mult
    (47) operation -> . div
    (48) operation -> . sum
    (49) add -> . ADDO PAR_OPEN ID PAR_CLOSE SEMICOLON
    (50) add -> . ADDO PAR_OPEN ID COLON n2 PAR_CLOSE SEMICOLON
    (52) sub -> . SUBSTR PAR_OPEN n3 COLON n2 PAR_CLOSE SEMICOLON
    (51) equal -> . EQUAL PAR_OPEN n2 COLON n2 PAR_CLOSE SEMICOLON
    (53) and -> . AND PAR_OPEN n4 COLON n4 PAR_CLOSE SEMICOLON
    (54) or -> . OR PAR_OPEN n4 COLON n4 PAR_CLOSE SEMICOLON
    (55) greater -> . GREATER PAR_OPEN n2 COLON n2 PAR_CLOSE SEMICOLON
    (56) smaller -> . SMALLER PAR_OPEN n2 COLON n2 PAR_CLOSE SEMICOLON
    (57) random -> . RANDOM PAR_OPEN n3 PAR_CLOSE SEMICOLON
    (58) mult -> . MULTO PAR_OPEN n3 COLON n2 PAR_CLOSE SEMICOLON
    (59) div -> . DIVO PAR_OPEN n3 COLON n2 PAR_CLOSE SEMICOLON
    (60) sum -> . SUMO PAR_OPEN n3 COLON n2 PAR_CLOSE SEMICOLON

    NUMBER          shift and go to state 99
    ID              shift and go to state 101
    ADDO            shift and go to state 75
    SUBSTR          shift and go to state 76
    EQUAL           shift and go to state 77
    AND             shift and go to state 78
    OR              shift and go to state 79
    GREATER         shift and go to state 80
    SMALLER         shift and go to state 81
    RANDOM          shift and go to state 82
    MULTO           shift and go to state 83
    DIVO            shift and go to state 84
    SUMO            shift and go to state 85

    n2                             shift and go to state 140
    operation                      shift and go to state 100
    add                            shift and go to state 51
    sub                            shift and go to state 52
    equal                          shift and go to state 53
    and                            shift and go to state 54
    or                             shift and go to state 55
    greater                        shift and go to state 56
    smaller                        shift and go to state 57
    random                         shift and go to state 58
    mult                           shift and go to state 59
    div                            shift and go to state 60
    sum                            shift and go to state 61

state 106

    (67) posx -> POSX n2 . SEMICOLON

    SEMICOLON       shift and go to state 141


state 107

    (68) posy -> POSY n2 . SEMICOLON

    SEMICOLON       shift and go to state 142


state 108

    (69) color -> COLOR n2 . SEMICOLON

    SEMICOLON       shift and go to state 143


state 109

    (70) down -> DOWN SEMICOLON .

    P_CLOSE         reduce using rule 70 (down -> DOWN SEMICOLON .)
    CASE            reduce using rule 70 (down -> DOWN SEMICOLON .)
    REPEAT          reduce using rule 70 (down -> DOWN SEMICOLON .)
    WHILE           reduce using rule 70 (down -> DOWN SEMICOLON .)
    FOR             reduce using rule 70 (down -> DOWN SEMICOLON .)
    DEF             reduce using rule 70 (down -> DOWN SEMICOLON .)
    PUT             reduce using rule 70 (down -> DOWN SEMICOLON .)
    CUP             reduce using rule 70 (down -> DOWN SEMICOLON .)
    CDOWN           reduce using rule 70 (down -> DOWN SEMICOLON .)
    CLEFT           reduce using rule 70 (down -> DOWN SEMICOLON .)
    CRIGHT          reduce using rule 70 (down -> DOWN SEMICOLON .)
    POS             reduce using rule 70 (down -> DOWN SEMICOLON .)
    POSX            reduce using rule 70 (down -> DOWN SEMICOLON .)
    POSY            reduce using rule 70 (down -> DOWN SEMICOLON .)
    COLOR           reduce using rule 70 (down -> DOWN SEMICOLON .)
    DOWN            reduce using rule 70 (down -> DOWN SEMICOLON .)
    UP              reduce using rule 70 (down -> DOWN SEMICOLON .)
    BEG             reduce using rule 70 (down -> DOWN SEMICOLON .)
    ADDO            reduce using rule 70 (down -> DOWN SEMICOLON .)
    SUBSTR          reduce using rule 70 (down -> DOWN SEMICOLON .)
    EQUAL           reduce using rule 70 (down -> DOWN SEMICOLON .)
    AND             reduce using rule 70 (down -> DOWN SEMICOLON .)
    OR              reduce using rule 70 (down -> DOWN SEMICOLON .)
    GREATER         reduce using rule 70 (down -> DOWN SEMICOLON .)
    SMALLER         reduce using rule 70 (down -> DOWN SEMICOLON .)
    RANDOM          reduce using rule 70 (down -> DOWN SEMICOLON .)
    MULTO           reduce using rule 70 (down -> DOWN SEMICOLON .)
    DIVO            reduce using rule 70 (down -> DOWN SEMICOLON .)
    SUMO            reduce using rule 70 (down -> DOWN SEMICOLON .)


state 110

    (71) up -> UP SEMICOLON .

    P_CLOSE         reduce using rule 71 (up -> UP SEMICOLON .)
    CASE            reduce using rule 71 (up -> UP SEMICOLON .)
    REPEAT          reduce using rule 71 (up -> UP SEMICOLON .)
    WHILE           reduce using rule 71 (up -> UP SEMICOLON .)
    FOR             reduce using rule 71 (up -> UP SEMICOLON .)
    DEF             reduce using rule 71 (up -> UP SEMICOLON .)
    PUT             reduce using rule 71 (up -> UP SEMICOLON .)
    CUP             reduce using rule 71 (up -> UP SEMICOLON .)
    CDOWN           reduce using rule 71 (up -> UP SEMICOLON .)
    CLEFT           reduce using rule 71 (up -> UP SEMICOLON .)
    CRIGHT          reduce using rule 71 (up -> UP SEMICOLON .)
    POS             reduce using rule 71 (up -> UP SEMICOLON .)
    POSX            reduce using rule 71 (up -> UP SEMICOLON .)
    POSY            reduce using rule 71 (up -> UP SEMICOLON .)
    COLOR           reduce using rule 71 (up -> UP SEMICOLON .)
    DOWN            reduce using rule 71 (up -> UP SEMICOLON .)
    UP              reduce using rule 71 (up -> UP SEMICOLON .)
    BEG             reduce using rule 71 (up -> UP SEMICOLON .)
    ADDO            reduce using rule 71 (up -> UP SEMICOLON .)
    SUBSTR          reduce using rule 71 (up -> UP SEMICOLON .)
    EQUAL           reduce using rule 71 (up -> UP SEMICOLON .)
    AND             reduce using rule 71 (up -> UP SEMICOLON .)
    OR              reduce using rule 71 (up -> UP SEMICOLON .)
    GREATER         reduce using rule 71 (up -> UP SEMICOLON .)
    SMALLER         reduce using rule 71 (up -> UP SEMICOLON .)
    RANDOM          reduce using rule 71 (up -> UP SEMICOLON .)
    MULTO           reduce using rule 71 (up -> UP SEMICOLON .)
    DIVO            reduce using rule 71 (up -> UP SEMICOLON .)
    SUMO            reduce using rule 71 (up -> UP SEMICOLON .)


state 111

    (72) begining -> BEG SEMICOLON .

    P_CLOSE         reduce using rule 72 (begining -> BEG SEMICOLON .)
    CASE            reduce using rule 72 (begining -> BEG SEMICOLON .)
    REPEAT          reduce using rule 72 (begining -> BEG SEMICOLON .)
    WHILE           reduce using rule 72 (begining -> BEG SEMICOLON .)
    FOR             reduce using rule 72 (begining -> BEG SEMICOLON .)
    DEF             reduce using rule 72 (begining -> BEG SEMICOLON .)
    PUT             reduce using rule 72 (begining -> BEG SEMICOLON .)
    CUP             reduce using rule 72 (begining -> BEG SEMICOLON .)
    CDOWN           reduce using rule 72 (begining -> BEG SEMICOLON .)
    CLEFT           reduce using rule 72 (begining -> BEG SEMICOLON .)
    CRIGHT          reduce using rule 72 (begining -> BEG SEMICOLON .)
    POS             reduce using rule 72 (begining -> BEG SEMICOLON .)
    POSX            reduce using rule 72 (begining -> BEG SEMICOLON .)
    POSY            reduce using rule 72 (begining -> BEG SEMICOLON .)
    COLOR           reduce using rule 72 (begining -> BEG SEMICOLON .)
    DOWN            reduce using rule 72 (begining -> BEG SEMICOLON .)
    UP              reduce using rule 72 (begining -> BEG SEMICOLON .)
    BEG             reduce using rule 72 (begining -> BEG SEMICOLON .)
    ADDO            reduce using rule 72 (begining -> BEG SEMICOLON .)
    SUBSTR          reduce using rule 72 (begining -> BEG SEMICOLON .)
    EQUAL           reduce using rule 72 (begining -> BEG SEMICOLON .)
    AND             reduce using rule 72 (begining -> BEG SEMICOLON .)
    OR              reduce using rule 72 (begining -> BEG SEMICOLON .)
    GREATER         reduce using rule 72 (begining -> BEG SEMICOLON .)
    SMALLER         reduce using rule 72 (begining -> BEG SEMICOLON .)
    RANDOM          reduce using rule 72 (begining -> BEG SEMICOLON .)
    MULTO           reduce using rule 72 (begining -> BEG SEMICOLON .)
    DIVO            reduce using rule 72 (begining -> BEG SEMICOLON .)
    SUMO            reduce using rule 72 (begining -> BEG SEMICOLON .)


state 112

    (49) add -> ADDO PAR_OPEN . ID PAR_CLOSE SEMICOLON
    (50) add -> ADDO PAR_OPEN . ID COLON n2 PAR_CLOSE SEMICOLON

    ID              shift and go to state 144


state 113

    (52) sub -> SUBSTR PAR_OPEN . n3 COLON n2 PAR_CLOSE SEMICOLON
    (26) n3 -> . NUMBER
    (27) n3 -> . ID

    NUMBER          shift and go to state 146
    ID              shift and go to state 147

    n3                             shift and go to state 145

state 114

    (51) equal -> EQUAL PAR_OPEN . n2 COLON n2 PAR_CLOSE SEMICOLON
    (23) n2 -> . NUMBER
    (24) n2 -> . operation
    (25) n2 -> . ID
    (38) operation -> . add
    (39) operation -> . sub
    (40) operation -> . equal
    (41) operation -> . and
    (42) operation -> . or
    (43) operation -> . greater
    (44) operation -> . smaller
    (45) operation -> . random
    (46) operation -> . mult
    (47) operation -> . div
    (48) operation -> . sum
    (49) add -> . ADDO PAR_OPEN ID PAR_CLOSE SEMICOLON
    (50) add -> . ADDO PAR_OPEN ID COLON n2 PAR_CLOSE SEMICOLON
    (52) sub -> . SUBSTR PAR_OPEN n3 COLON n2 PAR_CLOSE SEMICOLON
    (51) equal -> . EQUAL PAR_OPEN n2 COLON n2 PAR_CLOSE SEMICOLON
    (53) and -> . AND PAR_OPEN n4 COLON n4 PAR_CLOSE SEMICOLON
    (54) or -> . OR PAR_OPEN n4 COLON n4 PAR_CLOSE SEMICOLON
    (55) greater -> . GREATER PAR_OPEN n2 COLON n2 PAR_CLOSE SEMICOLON
    (56) smaller -> . SMALLER PAR_OPEN n2 COLON n2 PAR_CLOSE SEMICOLON
    (57) random -> . RANDOM PAR_OPEN n3 PAR_CLOSE SEMICOLON
    (58) mult -> . MULTO PAR_OPEN n3 COLON n2 PAR_CLOSE SEMICOLON
    (59) div -> . DIVO PAR_OPEN n3 COLON n2 PAR_CLOSE SEMICOLON
    (60) sum -> . SUMO PAR_OPEN n3 COLON n2 PAR_CLOSE SEMICOLON

    NUMBER          shift and go to state 99
    ID              shift and go to state 101
    ADDO            shift and go to state 75
    SUBSTR          shift and go to state 76
    EQUAL           shift and go to state 77
    AND             shift and go to state 78
    OR              shift and go to state 79
    GREATER         shift and go to state 80
    SMALLER         shift and go to state 81
    RANDOM          shift and go to state 82
    MULTO           shift and go to state 83
    DIVO            shift and go to state 84
    SUMO            shift and go to state 85

    n2                             shift and go to state 148
    operation                      shift and go to state 100
    add                            shift and go to state 51
    sub                            shift and go to state 52
    equal                          shift and go to state 53
    and                            shift and go to state 54
    or                             shift and go to state 55
    greater                        shift and go to state 56
    smaller                        shift and go to state 57
    random                         shift and go to state 58
    mult                           shift and go to state 59
    div                            shift and go to state 60
    sum                            shift and go to state 61

state 115

    (53) and -> AND PAR_OPEN . n4 COLON n4 PAR_CLOSE SEMICOLON
    (28) n4 -> . NUMBER
    (29) n4 -> . operation
    (30) n4 -> . ID
    (31) n4 -> . BOOLEAN
    (38) operation -> . add
    (39) operation -> . sub
    (40) operation -> . equal
    (41) operation -> . and
    (42) operation -> . or
    (43) operation -> . greater
    (44) operation -> . smaller
    (45) operation -> . random
    (46) operation -> . mult
    (47) operation -> . div
    (48) operation -> . sum
    (49) add -> . ADDO PAR_OPEN ID PAR_CLOSE SEMICOLON
    (50) add -> . ADDO PAR_OPEN ID COLON n2 PAR_CLOSE SEMICOLON
    (52) sub -> . SUBSTR PAR_OPEN n3 COLON n2 PAR_CLOSE SEMICOLON
    (51) equal -> . EQUAL PAR_OPEN n2 COLON n2 PAR_CLOSE SEMICOLON
    (53) and -> . AND PAR_OPEN n4 COLON n4 PAR_CLOSE SEMICOLON
    (54) or -> . OR PAR_OPEN n4 COLON n4 PAR_CLOSE SEMICOLON
    (55) greater -> . GREATER PAR_OPEN n2 COLON n2 PAR_CLOSE SEMICOLON
    (56) smaller -> . SMALLER PAR_OPEN n2 COLON n2 PAR_CLOSE SEMICOLON
    (57) random -> . RANDOM PAR_OPEN n3 PAR_CLOSE SEMICOLON
    (58) mult -> . MULTO PAR_OPEN n3 COLON n2 PAR_CLOSE SEMICOLON
    (59) div -> . DIVO PAR_OPEN n3 COLON n2 PAR_CLOSE SEMICOLON
    (60) sum -> . SUMO PAR_OPEN n3 COLON n2 PAR_CLOSE SEMICOLON

    NUMBER          shift and go to state 150
    ID              shift and go to state 152
    BOOLEAN         shift and go to state 153
    ADDO            shift and go to state 75
    SUBSTR          shift and go to state 76
    EQUAL           shift and go to state 77
    AND             shift and go to state 78
    OR              shift and go to state 79
    GREATER         shift and go to state 80
    SMALLER         shift and go to state 81
    RANDOM          shift and go to state 82
    MULTO           shift and go to state 83
    DIVO            shift and go to state 84
    SUMO            shift and go to state 85

    n4                             shift and go to state 149
    operation                      shift and go to state 151
    add                            shift and go to state 51
    sub                            shift and go to state 52
    equal                          shift and go to state 53
    and                            shift and go to state 54
    or                             shift and go to state 55
    greater                        shift and go to state 56
    smaller                        shift and go to state 57
    random                         shift and go to state 58
    mult                           shift and go to state 59
    div                            shift and go to state 60
    sum                            shift and go to state 61

state 116

    (54) or -> OR PAR_OPEN . n4 COLON n4 PAR_CLOSE SEMICOLON
    (28) n4 -> . NUMBER
    (29) n4 -> . operation
    (30) n4 -> . ID
    (31) n4 -> . BOOLEAN
    (38) operation -> . add
    (39) operation -> . sub
    (40) operation -> . equal
    (41) operation -> . and
    (42) operation -> . or
    (43) operation -> . greater
    (44) operation -> . smaller
    (45) operation -> . random
    (46) operation -> . mult
    (47) operation -> . div
    (48) operation -> . sum
    (49) add -> . ADDO PAR_OPEN ID PAR_CLOSE SEMICOLON
    (50) add -> . ADDO PAR_OPEN ID COLON n2 PAR_CLOSE SEMICOLON
    (52) sub -> . SUBSTR PAR_OPEN n3 COLON n2 PAR_CLOSE SEMICOLON
    (51) equal -> . EQUAL PAR_OPEN n2 COLON n2 PAR_CLOSE SEMICOLON
    (53) and -> . AND PAR_OPEN n4 COLON n4 PAR_CLOSE SEMICOLON
    (54) or -> . OR PAR_OPEN n4 COLON n4 PAR_CLOSE SEMICOLON
    (55) greater -> . GREATER PAR_OPEN n2 COLON n2 PAR_CLOSE SEMICOLON
    (56) smaller -> . SMALLER PAR_OPEN n2 COLON n2 PAR_CLOSE SEMICOLON
    (57) random -> . RANDOM PAR_OPEN n3 PAR_CLOSE SEMICOLON
    (58) mult -> . MULTO PAR_OPEN n3 COLON n2 PAR_CLOSE SEMICOLON
    (59) div -> . DIVO PAR_OPEN n3 COLON n2 PAR_CLOSE SEMICOLON
    (60) sum -> . SUMO PAR_OPEN n3 COLON n2 PAR_CLOSE SEMICOLON

    NUMBER          shift and go to state 150
    ID              shift and go to state 152
    BOOLEAN         shift and go to state 153
    ADDO            shift and go to state 75
    SUBSTR          shift and go to state 76
    EQUAL           shift and go to state 77
    AND             shift and go to state 78
    OR              shift and go to state 79
    GREATER         shift and go to state 80
    SMALLER         shift and go to state 81
    RANDOM          shift and go to state 82
    MULTO           shift and go to state 83
    DIVO            shift and go to state 84
    SUMO            shift and go to state 85

    n4                             shift and go to state 154
    operation                      shift and go to state 151
    add                            shift and go to state 51
    sub                            shift and go to state 52
    equal                          shift and go to state 53
    and                            shift and go to state 54
    or                             shift and go to state 55
    greater                        shift and go to state 56
    smaller                        shift and go to state 57
    random                         shift and go to state 58
    mult                           shift and go to state 59
    div                            shift and go to state 60
    sum                            shift and go to state 61

state 117

    (55) greater -> GREATER PAR_OPEN . n2 COLON n2 PAR_CLOSE SEMICOLON
    (23) n2 -> . NUMBER
    (24) n2 -> . operation
    (25) n2 -> . ID
    (38) operation -> . add
    (39) operation -> . sub
    (40) operation -> . equal
    (41) operation -> . and
    (42) operation -> . or
    (43) operation -> . greater
    (44) operation -> . smaller
    (45) operation -> . random
    (46) operation -> . mult
    (47) operation -> . div
    (48) operation -> . sum
    (49) add -> . ADDO PAR_OPEN ID PAR_CLOSE SEMICOLON
    (50) add -> . ADDO PAR_OPEN ID COLON n2 PAR_CLOSE SEMICOLON
    (52) sub -> . SUBSTR PAR_OPEN n3 COLON n2 PAR_CLOSE SEMICOLON
    (51) equal -> . EQUAL PAR_OPEN n2 COLON n2 PAR_CLOSE SEMICOLON
    (53) and -> . AND PAR_OPEN n4 COLON n4 PAR_CLOSE SEMICOLON
    (54) or -> . OR PAR_OPEN n4 COLON n4 PAR_CLOSE SEMICOLON
    (55) greater -> . GREATER PAR_OPEN n2 COLON n2 PAR_CLOSE SEMICOLON
    (56) smaller -> . SMALLER PAR_OPEN n2 COLON n2 PAR_CLOSE SEMICOLON
    (57) random -> . RANDOM PAR_OPEN n3 PAR_CLOSE SEMICOLON
    (58) mult -> . MULTO PAR_OPEN n3 COLON n2 PAR_CLOSE SEMICOLON
    (59) div -> . DIVO PAR_OPEN n3 COLON n2 PAR_CLOSE SEMICOLON
    (60) sum -> . SUMO PAR_OPEN n3 COLON n2 PAR_CLOSE SEMICOLON

    NUMBER          shift and go to state 99
    ID              shift and go to state 101
    ADDO            shift and go to state 75
    SUBSTR          shift and go to state 76
    EQUAL           shift and go to state 77
    AND             shift and go to state 78
    OR              shift and go to state 79
    GREATER         shift and go to state 80
    SMALLER         shift and go to state 81
    RANDOM          shift and go to state 82
    MULTO           shift and go to state 83
    DIVO            shift and go to state 84
    SUMO            shift and go to state 85

    n2                             shift and go to state 155
    operation                      shift and go to state 100
    add                            shift and go to state 51
    sub                            shift and go to state 52
    equal                          shift and go to state 53
    and                            shift and go to state 54
    or                             shift and go to state 55
    greater                        shift and go to state 56
    smaller                        shift and go to state 57
    random                         shift and go to state 58
    mult                           shift and go to state 59
    div                            shift and go to state 60
    sum                            shift and go to state 61

state 118

    (56) smaller -> SMALLER PAR_OPEN . n2 COLON n2 PAR_CLOSE SEMICOLON
    (23) n2 -> . NUMBER
    (24) n2 -> . operation
    (25) n2 -> . ID
    (38) operation -> . add
    (39) operation -> . sub
    (40) operation -> . equal
    (41) operation -> . and
    (42) operation -> . or
    (43) operation -> . greater
    (44) operation -> . smaller
    (45) operation -> . random
    (46) operation -> . mult
    (47) operation -> . div
    (48) operation -> . sum
    (49) add -> . ADDO PAR_OPEN ID PAR_CLOSE SEMICOLON
    (50) add -> . ADDO PAR_OPEN ID COLON n2 PAR_CLOSE SEMICOLON
    (52) sub -> . SUBSTR PAR_OPEN n3 COLON n2 PAR_CLOSE SEMICOLON
    (51) equal -> . EQUAL PAR_OPEN n2 COLON n2 PAR_CLOSE SEMICOLON
    (53) and -> . AND PAR_OPEN n4 COLON n4 PAR_CLOSE SEMICOLON
    (54) or -> . OR PAR_OPEN n4 COLON n4 PAR_CLOSE SEMICOLON
    (55) greater -> . GREATER PAR_OPEN n2 COLON n2 PAR_CLOSE SEMICOLON
    (56) smaller -> . SMALLER PAR_OPEN n2 COLON n2 PAR_CLOSE SEMICOLON
    (57) random -> . RANDOM PAR_OPEN n3 PAR_CLOSE SEMICOLON
    (58) mult -> . MULTO PAR_OPEN n3 COLON n2 PAR_CLOSE SEMICOLON
    (59) div -> . DIVO PAR_OPEN n3 COLON n2 PAR_CLOSE SEMICOLON
    (60) sum -> . SUMO PAR_OPEN n3 COLON n2 PAR_CLOSE SEMICOLON

    NUMBER          shift and go to state 99
    ID              shift and go to state 101
    ADDO            shift and go to state 75
    SUBSTR          shift and go to state 76
    EQUAL           shift and go to state 77
    AND             shift and go to state 78
    OR              shift and go to state 79
    GREATER         shift and go to state 80
    SMALLER         shift and go to state 81
    RANDOM          shift and go to state 82
    MULTO           shift and go to state 83
    DIVO            shift and go to state 84
    SUMO            shift and go to state 85

    n2                             shift and go to state 156
    operation                      shift and go to state 100
    add                            shift and go to state 51
    sub                            shift and go to state 52
    equal                          shift and go to state 53
    and                            shift and go to state 54
    or                             shift and go to state 55
    greater                        shift and go to state 56
    smaller                        shift and go to state 57
    random                         shift and go to state 58
    mult                           shift and go to state 59
    div                            shift and go to state 60
    sum                            shift and go to state 61

state 119

    (57) random -> RANDOM PAR_OPEN . n3 PAR_CLOSE SEMICOLON
    (26) n3 -> . NUMBER
    (27) n3 -> . ID

    NUMBER          shift and go to state 146
    ID              shift and go to state 147

    n3                             shift and go to state 157

state 120

    (58) mult -> MULTO PAR_OPEN . n3 COLON n2 PAR_CLOSE SEMICOLON
    (26) n3 -> . NUMBER
    (27) n3 -> . ID

    NUMBER          shift and go to state 146
    ID              shift and go to state 147

    n3                             shift and go to state 158

state 121

    (59) div -> DIVO PAR_OPEN . n3 COLON n2 PAR_CLOSE SEMICOLON
    (26) n3 -> . NUMBER
    (27) n3 -> . ID

    NUMBER          shift and go to state 146
    ID              shift and go to state 147

    n3                             shift and go to state 159

state 122

    (60) sum -> SUMO PAR_OPEN . n3 COLON n2 PAR_CLOSE SEMICOLON
    (26) n3 -> . NUMBER
    (27) n3 -> . ID

    NUMBER          shift and go to state 146
    ID              shift and go to state 147

    n3                             shift and go to state 160

state 123

    (97) Main -> MAIN PAR_OPEN PAR_CLOSE P_OPEN main_list P_CLOSE SEMICOLON . END

    END             shift and go to state 161


state 124

    (85) llamada -> CALL ID PAR_OPEN . PAR_CLOSE SEMICOLON

    PAR_CLOSE       shift and go to state 162


state 125

    (4) procedure -> PROC ID PAR_OPEN paramet_list PAR_CLOSE P_OPEN codigo_list P_CLOSE . SEMICOLON END SEMICOLON

    SEMICOLON       shift and go to state 163


state 126

    (5) procedure -> PROC ID PAR_OPEN PAR_CLOSE P_OPEN codigo_list P_CLOSE SEMICOLON . END SEMICOLON

    END             shift and go to state 164


state 127

    (81) case -> CASE ID caseaux_list . END CASE SEMICOLON
    (82) case -> CASE ID caseaux_list . ELSE P_OPEN sentencia_list P_CLOSE END CASE SEMICOLON
    (80) caseaux_list -> caseaux_list . caseaux
    (78) caseaux -> . WHEN n6 THEN P_OPEN sentencia_list P_CLOSE SEMICOLON

    END             shift and go to state 165
    ELSE            shift and go to state 166
    WHEN            shift and go to state 129

    caseaux                        shift and go to state 167

state 128

    (79) caseaux_list -> caseaux .

    END             reduce using rule 79 (caseaux_list -> caseaux .)
    ELSE            reduce using rule 79 (caseaux_list -> caseaux .)
    WHEN            reduce using rule 79 (caseaux_list -> caseaux .)


state 129

    (78) caseaux -> WHEN . n6 THEN P_OPEN sentencia_list P_CLOSE SEMICOLON
    (35) n6 -> . NUMBER
    (36) n6 -> . BOOLEAN

    NUMBER          shift and go to state 169
    BOOLEAN         shift and go to state 170

    n6                             shift and go to state 168

state 130

    (77) repeat -> REPEAT P_OPEN sentencia_list . P_CLOSE UNTIL P_OPEN n2 P_CLOSE SEMICOLON
    (74) sentencia_list -> sentencia_list . sentencia
    (6) sentencia -> . operation
    (7) sentencia -> . def
    (8) sentencia -> . put
    (9) sentencia -> . cup
    (10) sentencia -> . cdown
    (11) sentencia -> . cleft
    (12) sentencia -> . cright
    (13) sentencia -> . pos
    (14) sentencia -> . posx
    (15) sentencia -> . posy
    (16) sentencia -> . color
    (17) sentencia -> . down
    (18) sentencia -> . up
    (19) sentencia -> . begining
    (38) operation -> . add
    (39) operation -> . sub
    (40) operation -> . equal
    (41) operation -> . and
    (42) operation -> . or
    (43) operation -> . greater
    (44) operation -> . smaller
    (45) operation -> . random
    (46) operation -> . mult
    (47) operation -> . div
    (48) operation -> . sum
    (37) def -> . DEF PAR_OPEN ID COLON n6 PAR_CLOSE SEMICOLON
    (61) put -> . PUT PAR_OPEN ID COLON n1 PAR_CLOSE SEMICOLON
    (62) cup -> . CUP n2 SEMICOLON
    (63) cdown -> . CDOWN n2 SEMICOLON
    (65) cleft -> . CLEFT n2 SEMICOLON
    (64) cright -> . CRIGHT n2 SEMICOLON
    (66) pos -> . POS PAR_OPEN n2 COLON n2 PAR_CLOSE SEMICOLON
    (67) posx -> . POSX n2 SEMICOLON
    (68) posy -> . POSY n2 SEMICOLON
    (69) color -> . COLOR n2 SEMICOLON
    (70) down -> . DOWN SEMICOLON
    (71) up -> . UP SEMICOLON
    (72) begining -> . BEG SEMICOLON
    (49) add -> . ADDO PAR_OPEN ID PAR_CLOSE SEMICOLON
    (50) add -> . ADDO PAR_OPEN ID COLON n2 PAR_CLOSE SEMICOLON
    (52) sub -> . SUBSTR PAR_OPEN n3 COLON n2 PAR_CLOSE SEMICOLON
    (51) equal -> . EQUAL PAR_OPEN n2 COLON n2 PAR_CLOSE SEMICOLON
    (53) and -> . AND PAR_OPEN n4 COLON n4 PAR_CLOSE SEMICOLON
    (54) or -> . OR PAR_OPEN n4 COLON n4 PAR_CLOSE SEMICOLON
    (55) greater -> . GREATER PAR_OPEN n2 COLON n2 PAR_CLOSE SEMICOLON
    (56) smaller -> . SMALLER PAR_OPEN n2 COLON n2 PAR_CLOSE SEMICOLON
    (57) random -> . RANDOM PAR_OPEN n3 PAR_CLOSE SEMICOLON
    (58) mult -> . MULTO PAR_OPEN n3 COLON n2 PAR_CLOSE SEMICOLON
    (59) div -> . DIVO PAR_OPEN n3 COLON n2 PAR_CLOSE SEMICOLON
    (60) sum -> . SUMO PAR_OPEN n3 COLON n2 PAR_CLOSE SEMICOLON

    P_CLOSE         shift and go to state 171
    DEF             shift and go to state 62
    PUT             shift and go to state 63
    CUP             shift and go to state 64
    CDOWN           shift and go to state 65
    CLEFT           shift and go to state 66
    CRIGHT          shift and go to state 67
    POS             shift and go to state 68
    POSX            shift and go to state 69
    POSY            shift and go to state 70
    COLOR           shift and go to state 71
    DOWN            shift and go to state 72
    UP              shift and go to state 73
    BEG             shift and go to state 74
    ADDO            shift and go to state 75
    SUBSTR          shift and go to state 76
    EQUAL           shift and go to state 77
    AND             shift and go to state 78
    OR              shift and go to state 79
    GREATER         shift and go to state 80
    SMALLER         shift and go to state 81
    RANDOM          shift and go to state 82
    MULTO           shift and go to state 83
    DIVO            shift and go to state 84
    SUMO            shift and go to state 85

    sentencia                      shift and go to state 172
    operation                      shift and go to state 33
    def                            shift and go to state 34
    put                            shift and go to state 35
    cup                            shift and go to state 36
    cdown                          shift and go to state 37
    cleft                          shift and go to state 38
    cright                         shift and go to state 39
    pos                            shift and go to state 40
    posx                           shift and go to state 41
    posy                           shift and go to state 42
    color                          shift and go to state 43
    down                           shift and go to state 44
    up                             shift and go to state 45
    begining                       shift and go to state 46
    add                            shift and go to state 51
    sub                            shift and go to state 52
    equal                          shift and go to state 53
    and                            shift and go to state 54
    or                             shift and go to state 55
    greater                        shift and go to state 56
    smaller                        shift and go to state 57
    random                         shift and go to state 58
    mult                           shift and go to state 59
    div                            shift and go to state 60
    sum                            shift and go to state 61

state 131

    (73) sentencia_list -> sentencia .

    P_CLOSE         reduce using rule 73 (sentencia_list -> sentencia .)
    DEF             reduce using rule 73 (sentencia_list -> sentencia .)
    PUT             reduce using rule 73 (sentencia_list -> sentencia .)
    CUP             reduce using rule 73 (sentencia_list -> sentencia .)
    CDOWN           reduce using rule 73 (sentencia_list -> sentencia .)
    CLEFT           reduce using rule 73 (sentencia_list -> sentencia .)
    CRIGHT          reduce using rule 73 (sentencia_list -> sentencia .)
    POS             reduce using rule 73 (sentencia_list -> sentencia .)
    POSX            reduce using rule 73 (sentencia_list -> sentencia .)
    POSY            reduce using rule 73 (sentencia_list -> sentencia .)
    COLOR           reduce using rule 73 (sentencia_list -> sentencia .)
    DOWN            reduce using rule 73 (sentencia_list -> sentencia .)
    UP              reduce using rule 73 (sentencia_list -> sentencia .)
    BEG             reduce using rule 73 (sentencia_list -> sentencia .)
    ADDO            reduce using rule 73 (sentencia_list -> sentencia .)
    SUBSTR          reduce using rule 73 (sentencia_list -> sentencia .)
    EQUAL           reduce using rule 73 (sentencia_list -> sentencia .)
    AND             reduce using rule 73 (sentencia_list -> sentencia .)
    OR              reduce using rule 73 (sentencia_list -> sentencia .)
    GREATER         reduce using rule 73 (sentencia_list -> sentencia .)
    SMALLER         reduce using rule 73 (sentencia_list -> sentencia .)
    RANDOM          reduce using rule 73 (sentencia_list -> sentencia .)
    MULTO           reduce using rule 73 (sentencia_list -> sentencia .)
    DIVO            reduce using rule 73 (sentencia_list -> sentencia .)
    SUMO            reduce using rule 73 (sentencia_list -> sentencia .)


state 132

    (76) whiles -> WHILE P_OPEN n2 . P_CLOSE P_OPEN sentencia_list P_CLOSE WHEND SEMICOLON

    P_CLOSE         shift and go to state 173


state 133

    (75) forloops -> FOR ID PAR_OPEN . NUMBER TO NUMBER PAR_CLOSE LOOP P_OPEN sentencia_list P_CLOSE END LOOP SEMICOLON

    NUMBER          shift and go to state 174


state 134

    (37) def -> DEF PAR_OPEN ID . COLON n6 PAR_CLOSE SEMICOLON

    COLON           shift and go to state 175


state 135

    (61) put -> PUT PAR_OPEN ID . COLON n1 PAR_CLOSE SEMICOLON

    COLON           shift and go to state 176


state 136

    (62) cup -> CUP n2 SEMICOLON .

    P_CLOSE         reduce using rule 62 (cup -> CUP n2 SEMICOLON .)
    CASE            reduce using rule 62 (cup -> CUP n2 SEMICOLON .)
    REPEAT          reduce using rule 62 (cup -> CUP n2 SEMICOLON .)
    WHILE           reduce using rule 62 (cup -> CUP n2 SEMICOLON .)
    FOR             reduce using rule 62 (cup -> CUP n2 SEMICOLON .)
    DEF             reduce using rule 62 (cup -> CUP n2 SEMICOLON .)
    PUT             reduce using rule 62 (cup -> CUP n2 SEMICOLON .)
    CUP             reduce using rule 62 (cup -> CUP n2 SEMICOLON .)
    CDOWN           reduce using rule 62 (cup -> CUP n2 SEMICOLON .)
    CLEFT           reduce using rule 62 (cup -> CUP n2 SEMICOLON .)
    CRIGHT          reduce using rule 62 (cup -> CUP n2 SEMICOLON .)
    POS             reduce using rule 62 (cup -> CUP n2 SEMICOLON .)
    POSX            reduce using rule 62 (cup -> CUP n2 SEMICOLON .)
    POSY            reduce using rule 62 (cup -> CUP n2 SEMICOLON .)
    COLOR           reduce using rule 62 (cup -> CUP n2 SEMICOLON .)
    DOWN            reduce using rule 62 (cup -> CUP n2 SEMICOLON .)
    UP              reduce using rule 62 (cup -> CUP n2 SEMICOLON .)
    BEG             reduce using rule 62 (cup -> CUP n2 SEMICOLON .)
    ADDO            reduce using rule 62 (cup -> CUP n2 SEMICOLON .)
    SUBSTR          reduce using rule 62 (cup -> CUP n2 SEMICOLON .)
    EQUAL           reduce using rule 62 (cup -> CUP n2 SEMICOLON .)
    AND             reduce using rule 62 (cup -> CUP n2 SEMICOLON .)
    OR              reduce using rule 62 (cup -> CUP n2 SEMICOLON .)
    GREATER         reduce using rule 62 (cup -> CUP n2 SEMICOLON .)
    SMALLER         reduce using rule 62 (cup -> CUP n2 SEMICOLON .)
    RANDOM          reduce using rule 62 (cup -> CUP n2 SEMICOLON .)
    MULTO           reduce using rule 62 (cup -> CUP n2 SEMICOLON .)
    DIVO            reduce using rule 62 (cup -> CUP n2 SEMICOLON .)
    SUMO            reduce using rule 62 (cup -> CUP n2 SEMICOLON .)


state 137

    (63) cdown -> CDOWN n2 SEMICOLON .

    P_CLOSE         reduce using rule 63 (cdown -> CDOWN n2 SEMICOLON .)
    CASE            reduce using rule 63 (cdown -> CDOWN n2 SEMICOLON .)
    REPEAT          reduce using rule 63 (cdown -> CDOWN n2 SEMICOLON .)
    WHILE           reduce using rule 63 (cdown -> CDOWN n2 SEMICOLON .)
    FOR             reduce using rule 63 (cdown -> CDOWN n2 SEMICOLON .)
    DEF             reduce using rule 63 (cdown -> CDOWN n2 SEMICOLON .)
    PUT             reduce using rule 63 (cdown -> CDOWN n2 SEMICOLON .)
    CUP             reduce using rule 63 (cdown -> CDOWN n2 SEMICOLON .)
    CDOWN           reduce using rule 63 (cdown -> CDOWN n2 SEMICOLON .)
    CLEFT           reduce using rule 63 (cdown -> CDOWN n2 SEMICOLON .)
    CRIGHT          reduce using rule 63 (cdown -> CDOWN n2 SEMICOLON .)
    POS             reduce using rule 63 (cdown -> CDOWN n2 SEMICOLON .)
    POSX            reduce using rule 63 (cdown -> CDOWN n2 SEMICOLON .)
    POSY            reduce using rule 63 (cdown -> CDOWN n2 SEMICOLON .)
    COLOR           reduce using rule 63 (cdown -> CDOWN n2 SEMICOLON .)
    DOWN            reduce using rule 63 (cdown -> CDOWN n2 SEMICOLON .)
    UP              reduce using rule 63 (cdown -> CDOWN n2 SEMICOLON .)
    BEG             reduce using rule 63 (cdown -> CDOWN n2 SEMICOLON .)
    ADDO            reduce using rule 63 (cdown -> CDOWN n2 SEMICOLON .)
    SUBSTR          reduce using rule 63 (cdown -> CDOWN n2 SEMICOLON .)
    EQUAL           reduce using rule 63 (cdown -> CDOWN n2 SEMICOLON .)
    AND             reduce using rule 63 (cdown -> CDOWN n2 SEMICOLON .)
    OR              reduce using rule 63 (cdown -> CDOWN n2 SEMICOLON .)
    GREATER         reduce using rule 63 (cdown -> CDOWN n2 SEMICOLON .)
    SMALLER         reduce using rule 63 (cdown -> CDOWN n2 SEMICOLON .)
    RANDOM          reduce using rule 63 (cdown -> CDOWN n2 SEMICOLON .)
    MULTO           reduce using rule 63 (cdown -> CDOWN n2 SEMICOLON .)
    DIVO            reduce using rule 63 (cdown -> CDOWN n2 SEMICOLON .)
    SUMO            reduce using rule 63 (cdown -> CDOWN n2 SEMICOLON .)


state 138

    (65) cleft -> CLEFT n2 SEMICOLON .

    P_CLOSE         reduce using rule 65 (cleft -> CLEFT n2 SEMICOLON .)
    CASE            reduce using rule 65 (cleft -> CLEFT n2 SEMICOLON .)
    REPEAT          reduce using rule 65 (cleft -> CLEFT n2 SEMICOLON .)
    WHILE           reduce using rule 65 (cleft -> CLEFT n2 SEMICOLON .)
    FOR             reduce using rule 65 (cleft -> CLEFT n2 SEMICOLON .)
    DEF             reduce using rule 65 (cleft -> CLEFT n2 SEMICOLON .)
    PUT             reduce using rule 65 (cleft -> CLEFT n2 SEMICOLON .)
    CUP             reduce using rule 65 (cleft -> CLEFT n2 SEMICOLON .)
    CDOWN           reduce using rule 65 (cleft -> CLEFT n2 SEMICOLON .)
    CLEFT           reduce using rule 65 (cleft -> CLEFT n2 SEMICOLON .)
    CRIGHT          reduce using rule 65 (cleft -> CLEFT n2 SEMICOLON .)
    POS             reduce using rule 65 (cleft -> CLEFT n2 SEMICOLON .)
    POSX            reduce using rule 65 (cleft -> CLEFT n2 SEMICOLON .)
    POSY            reduce using rule 65 (cleft -> CLEFT n2 SEMICOLON .)
    COLOR           reduce using rule 65 (cleft -> CLEFT n2 SEMICOLON .)
    DOWN            reduce using rule 65 (cleft -> CLEFT n2 SEMICOLON .)
    UP              reduce using rule 65 (cleft -> CLEFT n2 SEMICOLON .)
    BEG             reduce using rule 65 (cleft -> CLEFT n2 SEMICOLON .)
    ADDO            reduce using rule 65 (cleft -> CLEFT n2 SEMICOLON .)
    SUBSTR          reduce using rule 65 (cleft -> CLEFT n2 SEMICOLON .)
    EQUAL           reduce using rule 65 (cleft -> CLEFT n2 SEMICOLON .)
    AND             reduce using rule 65 (cleft -> CLEFT n2 SEMICOLON .)
    OR              reduce using rule 65 (cleft -> CLEFT n2 SEMICOLON .)
    GREATER         reduce using rule 65 (cleft -> CLEFT n2 SEMICOLON .)
    SMALLER         reduce using rule 65 (cleft -> CLEFT n2 SEMICOLON .)
    RANDOM          reduce using rule 65 (cleft -> CLEFT n2 SEMICOLON .)
    MULTO           reduce using rule 65 (cleft -> CLEFT n2 SEMICOLON .)
    DIVO            reduce using rule 65 (cleft -> CLEFT n2 SEMICOLON .)
    SUMO            reduce using rule 65 (cleft -> CLEFT n2 SEMICOLON .)


state 139

    (64) cright -> CRIGHT n2 SEMICOLON .

    P_CLOSE         reduce using rule 64 (cright -> CRIGHT n2 SEMICOLON .)
    CASE            reduce using rule 64 (cright -> CRIGHT n2 SEMICOLON .)
    REPEAT          reduce using rule 64 (cright -> CRIGHT n2 SEMICOLON .)
    WHILE           reduce using rule 64 (cright -> CRIGHT n2 SEMICOLON .)
    FOR             reduce using rule 64 (cright -> CRIGHT n2 SEMICOLON .)
    DEF             reduce using rule 64 (cright -> CRIGHT n2 SEMICOLON .)
    PUT             reduce using rule 64 (cright -> CRIGHT n2 SEMICOLON .)
    CUP             reduce using rule 64 (cright -> CRIGHT n2 SEMICOLON .)
    CDOWN           reduce using rule 64 (cright -> CRIGHT n2 SEMICOLON .)
    CLEFT           reduce using rule 64 (cright -> CRIGHT n2 SEMICOLON .)
    CRIGHT          reduce using rule 64 (cright -> CRIGHT n2 SEMICOLON .)
    POS             reduce using rule 64 (cright -> CRIGHT n2 SEMICOLON .)
    POSX            reduce using rule 64 (cright -> CRIGHT n2 SEMICOLON .)
    POSY            reduce using rule 64 (cright -> CRIGHT n2 SEMICOLON .)
    COLOR           reduce using rule 64 (cright -> CRIGHT n2 SEMICOLON .)
    DOWN            reduce using rule 64 (cright -> CRIGHT n2 SEMICOLON .)
    UP              reduce using rule 64 (cright -> CRIGHT n2 SEMICOLON .)
    BEG             reduce using rule 64 (cright -> CRIGHT n2 SEMICOLON .)
    ADDO            reduce using rule 64 (cright -> CRIGHT n2 SEMICOLON .)
    SUBSTR          reduce using rule 64 (cright -> CRIGHT n2 SEMICOLON .)
    EQUAL           reduce using rule 64 (cright -> CRIGHT n2 SEMICOLON .)
    AND             reduce using rule 64 (cright -> CRIGHT n2 SEMICOLON .)
    OR              reduce using rule 64 (cright -> CRIGHT n2 SEMICOLON .)
    GREATER         reduce using rule 64 (cright -> CRIGHT n2 SEMICOLON .)
    SMALLER         reduce using rule 64 (cright -> CRIGHT n2 SEMICOLON .)
    RANDOM          reduce using rule 64 (cright -> CRIGHT n2 SEMICOLON .)
    MULTO           reduce using rule 64 (cright -> CRIGHT n2 SEMICOLON .)
    DIVO            reduce using rule 64 (cright -> CRIGHT n2 SEMICOLON .)
    SUMO            reduce using rule 64 (cright -> CRIGHT n2 SEMICOLON .)


state 140

    (66) pos -> POS PAR_OPEN n2 . COLON n2 PAR_CLOSE SEMICOLON

    COLON           shift and go to state 177


state 141

    (67) posx -> POSX n2 SEMICOLON .

    P_CLOSE         reduce using rule 67 (posx -> POSX n2 SEMICOLON .)
    CASE            reduce using rule 67 (posx -> POSX n2 SEMICOLON .)
    REPEAT          reduce using rule 67 (posx -> POSX n2 SEMICOLON .)
    WHILE           reduce using rule 67 (posx -> POSX n2 SEMICOLON .)
    FOR             reduce using rule 67 (posx -> POSX n2 SEMICOLON .)
    DEF             reduce using rule 67 (posx -> POSX n2 SEMICOLON .)
    PUT             reduce using rule 67 (posx -> POSX n2 SEMICOLON .)
    CUP             reduce using rule 67 (posx -> POSX n2 SEMICOLON .)
    CDOWN           reduce using rule 67 (posx -> POSX n2 SEMICOLON .)
    CLEFT           reduce using rule 67 (posx -> POSX n2 SEMICOLON .)
    CRIGHT          reduce using rule 67 (posx -> POSX n2 SEMICOLON .)
    POS             reduce using rule 67 (posx -> POSX n2 SEMICOLON .)
    POSX            reduce using rule 67 (posx -> POSX n2 SEMICOLON .)
    POSY            reduce using rule 67 (posx -> POSX n2 SEMICOLON .)
    COLOR           reduce using rule 67 (posx -> POSX n2 SEMICOLON .)
    DOWN            reduce using rule 67 (posx -> POSX n2 SEMICOLON .)
    UP              reduce using rule 67 (posx -> POSX n2 SEMICOLON .)
    BEG             reduce using rule 67 (posx -> POSX n2 SEMICOLON .)
    ADDO            reduce using rule 67 (posx -> POSX n2 SEMICOLON .)
    SUBSTR          reduce using rule 67 (posx -> POSX n2 SEMICOLON .)
    EQUAL           reduce using rule 67 (posx -> POSX n2 SEMICOLON .)
    AND             reduce using rule 67 (posx -> POSX n2 SEMICOLON .)
    OR              reduce using rule 67 (posx -> POSX n2 SEMICOLON .)
    GREATER         reduce using rule 67 (posx -> POSX n2 SEMICOLON .)
    SMALLER         reduce using rule 67 (posx -> POSX n2 SEMICOLON .)
    RANDOM          reduce using rule 67 (posx -> POSX n2 SEMICOLON .)
    MULTO           reduce using rule 67 (posx -> POSX n2 SEMICOLON .)
    DIVO            reduce using rule 67 (posx -> POSX n2 SEMICOLON .)
    SUMO            reduce using rule 67 (posx -> POSX n2 SEMICOLON .)


state 142

    (68) posy -> POSY n2 SEMICOLON .

    P_CLOSE         reduce using rule 68 (posy -> POSY n2 SEMICOLON .)
    CASE            reduce using rule 68 (posy -> POSY n2 SEMICOLON .)
    REPEAT          reduce using rule 68 (posy -> POSY n2 SEMICOLON .)
    WHILE           reduce using rule 68 (posy -> POSY n2 SEMICOLON .)
    FOR             reduce using rule 68 (posy -> POSY n2 SEMICOLON .)
    DEF             reduce using rule 68 (posy -> POSY n2 SEMICOLON .)
    PUT             reduce using rule 68 (posy -> POSY n2 SEMICOLON .)
    CUP             reduce using rule 68 (posy -> POSY n2 SEMICOLON .)
    CDOWN           reduce using rule 68 (posy -> POSY n2 SEMICOLON .)
    CLEFT           reduce using rule 68 (posy -> POSY n2 SEMICOLON .)
    CRIGHT          reduce using rule 68 (posy -> POSY n2 SEMICOLON .)
    POS             reduce using rule 68 (posy -> POSY n2 SEMICOLON .)
    POSX            reduce using rule 68 (posy -> POSY n2 SEMICOLON .)
    POSY            reduce using rule 68 (posy -> POSY n2 SEMICOLON .)
    COLOR           reduce using rule 68 (posy -> POSY n2 SEMICOLON .)
    DOWN            reduce using rule 68 (posy -> POSY n2 SEMICOLON .)
    UP              reduce using rule 68 (posy -> POSY n2 SEMICOLON .)
    BEG             reduce using rule 68 (posy -> POSY n2 SEMICOLON .)
    ADDO            reduce using rule 68 (posy -> POSY n2 SEMICOLON .)
    SUBSTR          reduce using rule 68 (posy -> POSY n2 SEMICOLON .)
    EQUAL           reduce using rule 68 (posy -> POSY n2 SEMICOLON .)
    AND             reduce using rule 68 (posy -> POSY n2 SEMICOLON .)
    OR              reduce using rule 68 (posy -> POSY n2 SEMICOLON .)
    GREATER         reduce using rule 68 (posy -> POSY n2 SEMICOLON .)
    SMALLER         reduce using rule 68 (posy -> POSY n2 SEMICOLON .)
    RANDOM          reduce using rule 68 (posy -> POSY n2 SEMICOLON .)
    MULTO           reduce using rule 68 (posy -> POSY n2 SEMICOLON .)
    DIVO            reduce using rule 68 (posy -> POSY n2 SEMICOLON .)
    SUMO            reduce using rule 68 (posy -> POSY n2 SEMICOLON .)


state 143

    (69) color -> COLOR n2 SEMICOLON .

    P_CLOSE         reduce using rule 69 (color -> COLOR n2 SEMICOLON .)
    CASE            reduce using rule 69 (color -> COLOR n2 SEMICOLON .)
    REPEAT          reduce using rule 69 (color -> COLOR n2 SEMICOLON .)
    WHILE           reduce using rule 69 (color -> COLOR n2 SEMICOLON .)
    FOR             reduce using rule 69 (color -> COLOR n2 SEMICOLON .)
    DEF             reduce using rule 69 (color -> COLOR n2 SEMICOLON .)
    PUT             reduce using rule 69 (color -> COLOR n2 SEMICOLON .)
    CUP             reduce using rule 69 (color -> COLOR n2 SEMICOLON .)
    CDOWN           reduce using rule 69 (color -> COLOR n2 SEMICOLON .)
    CLEFT           reduce using rule 69 (color -> COLOR n2 SEMICOLON .)
    CRIGHT          reduce using rule 69 (color -> COLOR n2 SEMICOLON .)
    POS             reduce using rule 69 (color -> COLOR n2 SEMICOLON .)
    POSX            reduce using rule 69 (color -> COLOR n2 SEMICOLON .)
    POSY            reduce using rule 69 (color -> COLOR n2 SEMICOLON .)
    COLOR           reduce using rule 69 (color -> COLOR n2 SEMICOLON .)
    DOWN            reduce using rule 69 (color -> COLOR n2 SEMICOLON .)
    UP              reduce using rule 69 (color -> COLOR n2 SEMICOLON .)
    BEG             reduce using rule 69 (color -> COLOR n2 SEMICOLON .)
    ADDO            reduce using rule 69 (color -> COLOR n2 SEMICOLON .)
    SUBSTR          reduce using rule 69 (color -> COLOR n2 SEMICOLON .)
    EQUAL           reduce using rule 69 (color -> COLOR n2 SEMICOLON .)
    AND             reduce using rule 69 (color -> COLOR n2 SEMICOLON .)
    OR              reduce using rule 69 (color -> COLOR n2 SEMICOLON .)
    GREATER         reduce using rule 69 (color -> COLOR n2 SEMICOLON .)
    SMALLER         reduce using rule 69 (color -> COLOR n2 SEMICOLON .)
    RANDOM          reduce using rule 69 (color -> COLOR n2 SEMICOLON .)
    MULTO           reduce using rule 69 (color -> COLOR n2 SEMICOLON .)
    DIVO            reduce using rule 69 (color -> COLOR n2 SEMICOLON .)
    SUMO            reduce using rule 69 (color -> COLOR n2 SEMICOLON .)


state 144

    (49) add -> ADDO PAR_OPEN ID . PAR_CLOSE SEMICOLON
    (50) add -> ADDO PAR_OPEN ID . COLON n2 PAR_CLOSE SEMICOLON

    PAR_CLOSE       shift and go to state 178
    COLON           shift and go to state 179


state 145

    (52) sub -> SUBSTR PAR_OPEN n3 . COLON n2 PAR_CLOSE SEMICOLON

    COLON           shift and go to state 180


state 146

    (26) n3 -> NUMBER .

    COLON           reduce using rule 26 (n3 -> NUMBER .)
    PAR_CLOSE       reduce using rule 26 (n3 -> NUMBER .)


state 147

    (27) n3 -> ID .

    COLON           reduce using rule 27 (n3 -> ID .)
    PAR_CLOSE       reduce using rule 27 (n3 -> ID .)


state 148

    (51) equal -> EQUAL PAR_OPEN n2 . COLON n2 PAR_CLOSE SEMICOLON

    COLON           shift and go to state 181


state 149

    (53) and -> AND PAR_OPEN n4 . COLON n4 PAR_CLOSE SEMICOLON

    COLON           shift and go to state 182


state 150

    (28) n4 -> NUMBER .

    COLON           reduce using rule 28 (n4 -> NUMBER .)
    PAR_CLOSE       reduce using rule 28 (n4 -> NUMBER .)


state 151

    (29) n4 -> operation .

    COLON           reduce using rule 29 (n4 -> operation .)
    PAR_CLOSE       reduce using rule 29 (n4 -> operation .)


state 152

    (30) n4 -> ID .

    COLON           reduce using rule 30 (n4 -> ID .)
    PAR_CLOSE       reduce using rule 30 (n4 -> ID .)


state 153

    (31) n4 -> BOOLEAN .

    COLON           reduce using rule 31 (n4 -> BOOLEAN .)
    PAR_CLOSE       reduce using rule 31 (n4 -> BOOLEAN .)


state 154

    (54) or -> OR PAR_OPEN n4 . COLON n4 PAR_CLOSE SEMICOLON

    COLON           shift and go to state 183


state 155

    (55) greater -> GREATER PAR_OPEN n2 . COLON n2 PAR_CLOSE SEMICOLON

    COLON           shift and go to state 184


state 156

    (56) smaller -> SMALLER PAR_OPEN n2 . COLON n2 PAR_CLOSE SEMICOLON

    COLON           shift and go to state 185


state 157

    (57) random -> RANDOM PAR_OPEN n3 . PAR_CLOSE SEMICOLON

    PAR_CLOSE       shift and go to state 186


state 158

    (58) mult -> MULTO PAR_OPEN n3 . COLON n2 PAR_CLOSE SEMICOLON

    COLON           shift and go to state 187


state 159

    (59) div -> DIVO PAR_OPEN n3 . COLON n2 PAR_CLOSE SEMICOLON

    COLON           shift and go to state 188


state 160

    (60) sum -> SUMO PAR_OPEN n3 . COLON n2 PAR_CLOSE SEMICOLON

    COLON           shift and go to state 189


state 161

    (97) Main -> MAIN PAR_OPEN PAR_CLOSE P_OPEN main_list P_CLOSE SEMICOLON END .

    $end            reduce using rule 97 (Main -> MAIN PAR_OPEN PAR_CLOSE P_OPEN main_list P_CLOSE SEMICOLON END .)


state 162

    (85) llamada -> CALL ID PAR_OPEN PAR_CLOSE . SEMICOLON

    SEMICOLON       shift and go to state 190


state 163

    (4) procedure -> PROC ID PAR_OPEN paramet_list PAR_CLOSE P_OPEN codigo_list P_CLOSE SEMICOLON . END SEMICOLON

    END             shift and go to state 191


state 164

    (5) procedure -> PROC ID PAR_OPEN PAR_CLOSE P_OPEN codigo_list P_CLOSE SEMICOLON END . SEMICOLON

    SEMICOLON       shift and go to state 192


state 165

    (81) case -> CASE ID caseaux_list END . CASE SEMICOLON

    CASE            shift and go to state 193


state 166

    (82) case -> CASE ID caseaux_list ELSE . P_OPEN sentencia_list P_CLOSE END CASE SEMICOLON

    P_OPEN          shift and go to state 194


state 167

    (80) caseaux_list -> caseaux_list caseaux .

    END             reduce using rule 80 (caseaux_list -> caseaux_list caseaux .)
    ELSE            reduce using rule 80 (caseaux_list -> caseaux_list caseaux .)
    WHEN            reduce using rule 80 (caseaux_list -> caseaux_list caseaux .)


state 168

    (78) caseaux -> WHEN n6 . THEN P_OPEN sentencia_list P_CLOSE SEMICOLON

    THEN            shift and go to state 195


state 169

    (35) n6 -> NUMBER .

    THEN            reduce using rule 35 (n6 -> NUMBER .)
    PAR_CLOSE       reduce using rule 35 (n6 -> NUMBER .)


state 170

    (36) n6 -> BOOLEAN .

    THEN            reduce using rule 36 (n6 -> BOOLEAN .)
    PAR_CLOSE       reduce using rule 36 (n6 -> BOOLEAN .)


state 171

    (77) repeat -> REPEAT P_OPEN sentencia_list P_CLOSE . UNTIL P_OPEN n2 P_CLOSE SEMICOLON

    UNTIL           shift and go to state 196


state 172

    (74) sentencia_list -> sentencia_list sentencia .

    P_CLOSE         reduce using rule 74 (sentencia_list -> sentencia_list sentencia .)
    DEF             reduce using rule 74 (sentencia_list -> sentencia_list sentencia .)
    PUT             reduce using rule 74 (sentencia_list -> sentencia_list sentencia .)
    CUP             reduce using rule 74 (sentencia_list -> sentencia_list sentencia .)
    CDOWN           reduce using rule 74 (sentencia_list -> sentencia_list sentencia .)
    CLEFT           reduce using rule 74 (sentencia_list -> sentencia_list sentencia .)
    CRIGHT          reduce using rule 74 (sentencia_list -> sentencia_list sentencia .)
    POS             reduce using rule 74 (sentencia_list -> sentencia_list sentencia .)
    POSX            reduce using rule 74 (sentencia_list -> sentencia_list sentencia .)
    POSY            reduce using rule 74 (sentencia_list -> sentencia_list sentencia .)
    COLOR           reduce using rule 74 (sentencia_list -> sentencia_list sentencia .)
    DOWN            reduce using rule 74 (sentencia_list -> sentencia_list sentencia .)
    UP              reduce using rule 74 (sentencia_list -> sentencia_list sentencia .)
    BEG             reduce using rule 74 (sentencia_list -> sentencia_list sentencia .)
    ADDO            reduce using rule 74 (sentencia_list -> sentencia_list sentencia .)
    SUBSTR          reduce using rule 74 (sentencia_list -> sentencia_list sentencia .)
    EQUAL           reduce using rule 74 (sentencia_list -> sentencia_list sentencia .)
    AND             reduce using rule 74 (sentencia_list -> sentencia_list sentencia .)
    OR              reduce using rule 74 (sentencia_list -> sentencia_list sentencia .)
    GREATER         reduce using rule 74 (sentencia_list -> sentencia_list sentencia .)
    SMALLER         reduce using rule 74 (sentencia_list -> sentencia_list sentencia .)
    RANDOM          reduce using rule 74 (sentencia_list -> sentencia_list sentencia .)
    MULTO           reduce using rule 74 (sentencia_list -> sentencia_list sentencia .)
    DIVO            reduce using rule 74 (sentencia_list -> sentencia_list sentencia .)
    SUMO            reduce using rule 74 (sentencia_list -> sentencia_list sentencia .)


state 173

    (76) whiles -> WHILE P_OPEN n2 P_CLOSE . P_OPEN sentencia_list P_CLOSE WHEND SEMICOLON

    P_OPEN          shift and go to state 197


state 174

    (75) forloops -> FOR ID PAR_OPEN NUMBER . TO NUMBER PAR_CLOSE LOOP P_OPEN sentencia_list P_CLOSE END LOOP SEMICOLON

    TO              shift and go to state 198


state 175

    (37) def -> DEF PAR_OPEN ID COLON . n6 PAR_CLOSE SEMICOLON
    (35) n6 -> . NUMBER
    (36) n6 -> . BOOLEAN

    NUMBER          shift and go to state 169
    BOOLEAN         shift and go to state 170

    n6                             shift and go to state 199

state 176

    (61) put -> PUT PAR_OPEN ID COLON . n1 PAR_CLOSE SEMICOLON
    (20) n1 -> . NUMBER
    (21) n1 -> . operation
    (22) n1 -> . BOOLEAN
    (38) operation -> . add
    (39) operation -> . sub
    (40) operation -> . equal
    (41) operation -> . and
    (42) operation -> . or
    (43) operation -> . greater
    (44) operation -> . smaller
    (45) operation -> . random
    (46) operation -> . mult
    (47) operation -> . div
    (48) operation -> . sum
    (49) add -> . ADDO PAR_OPEN ID PAR_CLOSE SEMICOLON
    (50) add -> . ADDO PAR_OPEN ID COLON n2 PAR_CLOSE SEMICOLON
    (52) sub -> . SUBSTR PAR_OPEN n3 COLON n2 PAR_CLOSE SEMICOLON
    (51) equal -> . EQUAL PAR_OPEN n2 COLON n2 PAR_CLOSE SEMICOLON
    (53) and -> . AND PAR_OPEN n4 COLON n4 PAR_CLOSE SEMICOLON
    (54) or -> . OR PAR_OPEN n4 COLON n4 PAR_CLOSE SEMICOLON
    (55) greater -> . GREATER PAR_OPEN n2 COLON n2 PAR_CLOSE SEMICOLON
    (56) smaller -> . SMALLER PAR_OPEN n2 COLON n2 PAR_CLOSE SEMICOLON
    (57) random -> . RANDOM PAR_OPEN n3 PAR_CLOSE SEMICOLON
    (58) mult -> . MULTO PAR_OPEN n3 COLON n2 PAR_CLOSE SEMICOLON
    (59) div -> . DIVO PAR_OPEN n3 COLON n2 PAR_CLOSE SEMICOLON
    (60) sum -> . SUMO PAR_OPEN n3 COLON n2 PAR_CLOSE SEMICOLON

    NUMBER          shift and go to state 201
    BOOLEAN         shift and go to state 203
    ADDO            shift and go to state 75
    SUBSTR          shift and go to state 76
    EQUAL           shift and go to state 77
    AND             shift and go to state 78
    OR              shift and go to state 79
    GREATER         shift and go to state 80
    SMALLER         shift and go to state 81
    RANDOM          shift and go to state 82
    MULTO           shift and go to state 83
    DIVO            shift and go to state 84
    SUMO            shift and go to state 85

    n1                             shift and go to state 200
    operation                      shift and go to state 202
    add                            shift and go to state 51
    sub                            shift and go to state 52
    equal                          shift and go to state 53
    and                            shift and go to state 54
    or                             shift and go to state 55
    greater                        shift and go to state 56
    smaller                        shift and go to state 57
    random                         shift and go to state 58
    mult                           shift and go to state 59
    div                            shift and go to state 60
    sum                            shift and go to state 61

state 177

    (66) pos -> POS PAR_OPEN n2 COLON . n2 PAR_CLOSE SEMICOLON
    (23) n2 -> . NUMBER
    (24) n2 -> . operation
    (25) n2 -> . ID
    (38) operation -> . add
    (39) operation -> . sub
    (40) operation -> . equal
    (41) operation -> . and
    (42) operation -> . or
    (43) operation -> . greater
    (44) operation -> . smaller
    (45) operation -> . random
    (46) operation -> . mult
    (47) operation -> . div
    (48) operation -> . sum
    (49) add -> . ADDO PAR_OPEN ID PAR_CLOSE SEMICOLON
    (50) add -> . ADDO PAR_OPEN ID COLON n2 PAR_CLOSE SEMICOLON
    (52) sub -> . SUBSTR PAR_OPEN n3 COLON n2 PAR_CLOSE SEMICOLON
    (51) equal -> . EQUAL PAR_OPEN n2 COLON n2 PAR_CLOSE SEMICOLON
    (53) and -> . AND PAR_OPEN n4 COLON n4 PAR_CLOSE SEMICOLON
    (54) or -> . OR PAR_OPEN n4 COLON n4 PAR_CLOSE SEMICOLON
    (55) greater -> . GREATER PAR_OPEN n2 COLON n2 PAR_CLOSE SEMICOLON
    (56) smaller -> . SMALLER PAR_OPEN n2 COLON n2 PAR_CLOSE SEMICOLON
    (57) random -> . RANDOM PAR_OPEN n3 PAR_CLOSE SEMICOLON
    (58) mult -> . MULTO PAR_OPEN n3 COLON n2 PAR_CLOSE SEMICOLON
    (59) div -> . DIVO PAR_OPEN n3 COLON n2 PAR_CLOSE SEMICOLON
    (60) sum -> . SUMO PAR_OPEN n3 COLON n2 PAR_CLOSE SEMICOLON

    NUMBER          shift and go to state 99
    ID              shift and go to state 101
    ADDO            shift and go to state 75
    SUBSTR          shift and go to state 76
    EQUAL           shift and go to state 77
    AND             shift and go to state 78
    OR              shift and go to state 79
    GREATER         shift and go to state 80
    SMALLER         shift and go to state 81
    RANDOM          shift and go to state 82
    MULTO           shift and go to state 83
    DIVO            shift and go to state 84
    SUMO            shift and go to state 85

    n2                             shift and go to state 204
    operation                      shift and go to state 100
    add                            shift and go to state 51
    sub                            shift and go to state 52
    equal                          shift and go to state 53
    and                            shift and go to state 54
    or                             shift and go to state 55
    greater                        shift and go to state 56
    smaller                        shift and go to state 57
    random                         shift and go to state 58
    mult                           shift and go to state 59
    div                            shift and go to state 60
    sum                            shift and go to state 61

state 178

    (49) add -> ADDO PAR_OPEN ID PAR_CLOSE . SEMICOLON

    SEMICOLON       shift and go to state 205


state 179

    (50) add -> ADDO PAR_OPEN ID COLON . n2 PAR_CLOSE SEMICOLON
    (23) n2 -> . NUMBER
    (24) n2 -> . operation
    (25) n2 -> . ID
    (38) operation -> . add
    (39) operation -> . sub
    (40) operation -> . equal
    (41) operation -> . and
    (42) operation -> . or
    (43) operation -> . greater
    (44) operation -> . smaller
    (45) operation -> . random
    (46) operation -> . mult
    (47) operation -> . div
    (48) operation -> . sum
    (49) add -> . ADDO PAR_OPEN ID PAR_CLOSE SEMICOLON
    (50) add -> . ADDO PAR_OPEN ID COLON n2 PAR_CLOSE SEMICOLON
    (52) sub -> . SUBSTR PAR_OPEN n3 COLON n2 PAR_CLOSE SEMICOLON
    (51) equal -> . EQUAL PAR_OPEN n2 COLON n2 PAR_CLOSE SEMICOLON
    (53) and -> . AND PAR_OPEN n4 COLON n4 PAR_CLOSE SEMICOLON
    (54) or -> . OR PAR_OPEN n4 COLON n4 PAR_CLOSE SEMICOLON
    (55) greater -> . GREATER PAR_OPEN n2 COLON n2 PAR_CLOSE SEMICOLON
    (56) smaller -> . SMALLER PAR_OPEN n2 COLON n2 PAR_CLOSE SEMICOLON
    (57) random -> . RANDOM PAR_OPEN n3 PAR_CLOSE SEMICOLON
    (58) mult -> . MULTO PAR_OPEN n3 COLON n2 PAR_CLOSE SEMICOLON
    (59) div -> . DIVO PAR_OPEN n3 COLON n2 PAR_CLOSE SEMICOLON
    (60) sum -> . SUMO PAR_OPEN n3 COLON n2 PAR_CLOSE SEMICOLON

    NUMBER          shift and go to state 99
    ID              shift and go to state 101
    ADDO            shift and go to state 75
    SUBSTR          shift and go to state 76
    EQUAL           shift and go to state 77
    AND             shift and go to state 78
    OR              shift and go to state 79
    GREATER         shift and go to state 80
    SMALLER         shift and go to state 81
    RANDOM          shift and go to state 82
    MULTO           shift and go to state 83
    DIVO            shift and go to state 84
    SUMO            shift and go to state 85

    n2                             shift and go to state 206
    operation                      shift and go to state 100
    add                            shift and go to state 51
    sub                            shift and go to state 52
    equal                          shift and go to state 53
    and                            shift and go to state 54
    or                             shift and go to state 55
    greater                        shift and go to state 56
    smaller                        shift and go to state 57
    random                         shift and go to state 58
    mult                           shift and go to state 59
    div                            shift and go to state 60
    sum                            shift and go to state 61

state 180

    (52) sub -> SUBSTR PAR_OPEN n3 COLON . n2 PAR_CLOSE SEMICOLON
    (23) n2 -> . NUMBER
    (24) n2 -> . operation
    (25) n2 -> . ID
    (38) operation -> . add
    (39) operation -> . sub
    (40) operation -> . equal
    (41) operation -> . and
    (42) operation -> . or
    (43) operation -> . greater
    (44) operation -> . smaller
    (45) operation -> . random
    (46) operation -> . mult
    (47) operation -> . div
    (48) operation -> . sum
    (49) add -> . ADDO PAR_OPEN ID PAR_CLOSE SEMICOLON
    (50) add -> . ADDO PAR_OPEN ID COLON n2 PAR_CLOSE SEMICOLON
    (52) sub -> . SUBSTR PAR_OPEN n3 COLON n2 PAR_CLOSE SEMICOLON
    (51) equal -> . EQUAL PAR_OPEN n2 COLON n2 PAR_CLOSE SEMICOLON
    (53) and -> . AND PAR_OPEN n4 COLON n4 PAR_CLOSE SEMICOLON
    (54) or -> . OR PAR_OPEN n4 COLON n4 PAR_CLOSE SEMICOLON
    (55) greater -> . GREATER PAR_OPEN n2 COLON n2 PAR_CLOSE SEMICOLON
    (56) smaller -> . SMALLER PAR_OPEN n2 COLON n2 PAR_CLOSE SEMICOLON
    (57) random -> . RANDOM PAR_OPEN n3 PAR_CLOSE SEMICOLON
    (58) mult -> . MULTO PAR_OPEN n3 COLON n2 PAR_CLOSE SEMICOLON
    (59) div -> . DIVO PAR_OPEN n3 COLON n2 PAR_CLOSE SEMICOLON
    (60) sum -> . SUMO PAR_OPEN n3 COLON n2 PAR_CLOSE SEMICOLON

    NUMBER          shift and go to state 99
    ID              shift and go to state 101
    ADDO            shift and go to state 75
    SUBSTR          shift and go to state 76
    EQUAL           shift and go to state 77
    AND             shift and go to state 78
    OR              shift and go to state 79
    GREATER         shift and go to state 80
    SMALLER         shift and go to state 81
    RANDOM          shift and go to state 82
    MULTO           shift and go to state 83
    DIVO            shift and go to state 84
    SUMO            shift and go to state 85

    n2                             shift and go to state 207
    operation                      shift and go to state 100
    add                            shift and go to state 51
    sub                            shift and go to state 52
    equal                          shift and go to state 53
    and                            shift and go to state 54
    or                             shift and go to state 55
    greater                        shift and go to state 56
    smaller                        shift and go to state 57
    random                         shift and go to state 58
    mult                           shift and go to state 59
    div                            shift and go to state 60
    sum                            shift and go to state 61

state 181

    (51) equal -> EQUAL PAR_OPEN n2 COLON . n2 PAR_CLOSE SEMICOLON
    (23) n2 -> . NUMBER
    (24) n2 -> . operation
    (25) n2 -> . ID
    (38) operation -> . add
    (39) operation -> . sub
    (40) operation -> . equal
    (41) operation -> . and
    (42) operation -> . or
    (43) operation -> . greater
    (44) operation -> . smaller
    (45) operation -> . random
    (46) operation -> . mult
    (47) operation -> . div
    (48) operation -> . sum
    (49) add -> . ADDO PAR_OPEN ID PAR_CLOSE SEMICOLON
    (50) add -> . ADDO PAR_OPEN ID COLON n2 PAR_CLOSE SEMICOLON
    (52) sub -> . SUBSTR PAR_OPEN n3 COLON n2 PAR_CLOSE SEMICOLON
    (51) equal -> . EQUAL PAR_OPEN n2 COLON n2 PAR_CLOSE SEMICOLON
    (53) and -> . AND PAR_OPEN n4 COLON n4 PAR_CLOSE SEMICOLON
    (54) or -> . OR PAR_OPEN n4 COLON n4 PAR_CLOSE SEMICOLON
    (55) greater -> . GREATER PAR_OPEN n2 COLON n2 PAR_CLOSE SEMICOLON
    (56) smaller -> . SMALLER PAR_OPEN n2 COLON n2 PAR_CLOSE SEMICOLON
    (57) random -> . RANDOM PAR_OPEN n3 PAR_CLOSE SEMICOLON
    (58) mult -> . MULTO PAR_OPEN n3 COLON n2 PAR_CLOSE SEMICOLON
    (59) div -> . DIVO PAR_OPEN n3 COLON n2 PAR_CLOSE SEMICOLON
    (60) sum -> . SUMO PAR_OPEN n3 COLON n2 PAR_CLOSE SEMICOLON

    NUMBER          shift and go to state 99
    ID              shift and go to state 101
    ADDO            shift and go to state 75
    SUBSTR          shift and go to state 76
    EQUAL           shift and go to state 77
    AND             shift and go to state 78
    OR              shift and go to state 79
    GREATER         shift and go to state 80
    SMALLER         shift and go to state 81
    RANDOM          shift and go to state 82
    MULTO           shift and go to state 83
    DIVO            shift and go to state 84
    SUMO            shift and go to state 85

    n2                             shift and go to state 208
    operation                      shift and go to state 100
    add                            shift and go to state 51
    sub                            shift and go to state 52
    equal                          shift and go to state 53
    and                            shift and go to state 54
    or                             shift and go to state 55
    greater                        shift and go to state 56
    smaller                        shift and go to state 57
    random                         shift and go to state 58
    mult                           shift and go to state 59
    div                            shift and go to state 60
    sum                            shift and go to state 61

state 182

    (53) and -> AND PAR_OPEN n4 COLON . n4 PAR_CLOSE SEMICOLON
    (28) n4 -> . NUMBER
    (29) n4 -> . operation
    (30) n4 -> . ID
    (31) n4 -> . BOOLEAN
    (38) operation -> . add
    (39) operation -> . sub
    (40) operation -> . equal
    (41) operation -> . and
    (42) operation -> . or
    (43) operation -> . greater
    (44) operation -> . smaller
    (45) operation -> . random
    (46) operation -> . mult
    (47) operation -> . div
    (48) operation -> . sum
    (49) add -> . ADDO PAR_OPEN ID PAR_CLOSE SEMICOLON
    (50) add -> . ADDO PAR_OPEN ID COLON n2 PAR_CLOSE SEMICOLON
    (52) sub -> . SUBSTR PAR_OPEN n3 COLON n2 PAR_CLOSE SEMICOLON
    (51) equal -> . EQUAL PAR_OPEN n2 COLON n2 PAR_CLOSE SEMICOLON
    (53) and -> . AND PAR_OPEN n4 COLON n4 PAR_CLOSE SEMICOLON
    (54) or -> . OR PAR_OPEN n4 COLON n4 PAR_CLOSE SEMICOLON
    (55) greater -> . GREATER PAR_OPEN n2 COLON n2 PAR_CLOSE SEMICOLON
    (56) smaller -> . SMALLER PAR_OPEN n2 COLON n2 PAR_CLOSE SEMICOLON
    (57) random -> . RANDOM PAR_OPEN n3 PAR_CLOSE SEMICOLON
    (58) mult -> . MULTO PAR_OPEN n3 COLON n2 PAR_CLOSE SEMICOLON
    (59) div -> . DIVO PAR_OPEN n3 COLON n2 PAR_CLOSE SEMICOLON
    (60) sum -> . SUMO PAR_OPEN n3 COLON n2 PAR_CLOSE SEMICOLON

    NUMBER          shift and go to state 150
    ID              shift and go to state 152
    BOOLEAN         shift and go to state 153
    ADDO            shift and go to state 75
    SUBSTR          shift and go to state 76
    EQUAL           shift and go to state 77
    AND             shift and go to state 78
    OR              shift and go to state 79
    GREATER         shift and go to state 80
    SMALLER         shift and go to state 81
    RANDOM          shift and go to state 82
    MULTO           shift and go to state 83
    DIVO            shift and go to state 84
    SUMO            shift and go to state 85

    n4                             shift and go to state 209
    operation                      shift and go to state 151
    add                            shift and go to state 51
    sub                            shift and go to state 52
    equal                          shift and go to state 53
    and                            shift and go to state 54
    or                             shift and go to state 55
    greater                        shift and go to state 56
    smaller                        shift and go to state 57
    random                         shift and go to state 58
    mult                           shift and go to state 59
    div                            shift and go to state 60
    sum                            shift and go to state 61

state 183

    (54) or -> OR PAR_OPEN n4 COLON . n4 PAR_CLOSE SEMICOLON
    (28) n4 -> . NUMBER
    (29) n4 -> . operation
    (30) n4 -> . ID
    (31) n4 -> . BOOLEAN
    (38) operation -> . add
    (39) operation -> . sub
    (40) operation -> . equal
    (41) operation -> . and
    (42) operation -> . or
    (43) operation -> . greater
    (44) operation -> . smaller
    (45) operation -> . random
    (46) operation -> . mult
    (47) operation -> . div
    (48) operation -> . sum
    (49) add -> . ADDO PAR_OPEN ID PAR_CLOSE SEMICOLON
    (50) add -> . ADDO PAR_OPEN ID COLON n2 PAR_CLOSE SEMICOLON
    (52) sub -> . SUBSTR PAR_OPEN n3 COLON n2 PAR_CLOSE SEMICOLON
    (51) equal -> . EQUAL PAR_OPEN n2 COLON n2 PAR_CLOSE SEMICOLON
    (53) and -> . AND PAR_OPEN n4 COLON n4 PAR_CLOSE SEMICOLON
    (54) or -> . OR PAR_OPEN n4 COLON n4 PAR_CLOSE SEMICOLON
    (55) greater -> . GREATER PAR_OPEN n2 COLON n2 PAR_CLOSE SEMICOLON
    (56) smaller -> . SMALLER PAR_OPEN n2 COLON n2 PAR_CLOSE SEMICOLON
    (57) random -> . RANDOM PAR_OPEN n3 PAR_CLOSE SEMICOLON
    (58) mult -> . MULTO PAR_OPEN n3 COLON n2 PAR_CLOSE SEMICOLON
    (59) div -> . DIVO PAR_OPEN n3 COLON n2 PAR_CLOSE SEMICOLON
    (60) sum -> . SUMO PAR_OPEN n3 COLON n2 PAR_CLOSE SEMICOLON

    NUMBER          shift and go to state 150
    ID              shift and go to state 152
    BOOLEAN         shift and go to state 153
    ADDO            shift and go to state 75
    SUBSTR          shift and go to state 76
    EQUAL           shift and go to state 77
    AND             shift and go to state 78
    OR              shift and go to state 79
    GREATER         shift and go to state 80
    SMALLER         shift and go to state 81
    RANDOM          shift and go to state 82
    MULTO           shift and go to state 83
    DIVO            shift and go to state 84
    SUMO            shift and go to state 85

    n4                             shift and go to state 210
    operation                      shift and go to state 151
    add                            shift and go to state 51
    sub                            shift and go to state 52
    equal                          shift and go to state 53
    and                            shift and go to state 54
    or                             shift and go to state 55
    greater                        shift and go to state 56
    smaller                        shift and go to state 57
    random                         shift and go to state 58
    mult                           shift and go to state 59
    div                            shift and go to state 60
    sum                            shift and go to state 61

state 184

    (55) greater -> GREATER PAR_OPEN n2 COLON . n2 PAR_CLOSE SEMICOLON
    (23) n2 -> . NUMBER
    (24) n2 -> . operation
    (25) n2 -> . ID
    (38) operation -> . add
    (39) operation -> . sub
    (40) operation -> . equal
    (41) operation -> . and
    (42) operation -> . or
    (43) operation -> . greater
    (44) operation -> . smaller
    (45) operation -> . random
    (46) operation -> . mult
    (47) operation -> . div
    (48) operation -> . sum
    (49) add -> . ADDO PAR_OPEN ID PAR_CLOSE SEMICOLON
    (50) add -> . ADDO PAR_OPEN ID COLON n2 PAR_CLOSE SEMICOLON
    (52) sub -> . SUBSTR PAR_OPEN n3 COLON n2 PAR_CLOSE SEMICOLON
    (51) equal -> . EQUAL PAR_OPEN n2 COLON n2 PAR_CLOSE SEMICOLON
    (53) and -> . AND PAR_OPEN n4 COLON n4 PAR_CLOSE SEMICOLON
    (54) or -> . OR PAR_OPEN n4 COLON n4 PAR_CLOSE SEMICOLON
    (55) greater -> . GREATER PAR_OPEN n2 COLON n2 PAR_CLOSE SEMICOLON
    (56) smaller -> . SMALLER PAR_OPEN n2 COLON n2 PAR_CLOSE SEMICOLON
    (57) random -> . RANDOM PAR_OPEN n3 PAR_CLOSE SEMICOLON
    (58) mult -> . MULTO PAR_OPEN n3 COLON n2 PAR_CLOSE SEMICOLON
    (59) div -> . DIVO PAR_OPEN n3 COLON n2 PAR_CLOSE SEMICOLON
    (60) sum -> . SUMO PAR_OPEN n3 COLON n2 PAR_CLOSE SEMICOLON

    NUMBER          shift and go to state 99
    ID              shift and go to state 101
    ADDO            shift and go to state 75
    SUBSTR          shift and go to state 76
    EQUAL           shift and go to state 77
    AND             shift and go to state 78
    OR              shift and go to state 79
    GREATER         shift and go to state 80
    SMALLER         shift and go to state 81
    RANDOM          shift and go to state 82
    MULTO           shift and go to state 83
    DIVO            shift and go to state 84
    SUMO            shift and go to state 85

    n2                             shift and go to state 211
    operation                      shift and go to state 100
    add                            shift and go to state 51
    sub                            shift and go to state 52
    equal                          shift and go to state 53
    and                            shift and go to state 54
    or                             shift and go to state 55
    greater                        shift and go to state 56
    smaller                        shift and go to state 57
    random                         shift and go to state 58
    mult                           shift and go to state 59
    div                            shift and go to state 60
    sum                            shift and go to state 61

state 185

    (56) smaller -> SMALLER PAR_OPEN n2 COLON . n2 PAR_CLOSE SEMICOLON
    (23) n2 -> . NUMBER
    (24) n2 -> . operation
    (25) n2 -> . ID
    (38) operation -> . add
    (39) operation -> . sub
    (40) operation -> . equal
    (41) operation -> . and
    (42) operation -> . or
    (43) operation -> . greater
    (44) operation -> . smaller
    (45) operation -> . random
    (46) operation -> . mult
    (47) operation -> . div
    (48) operation -> . sum
    (49) add -> . ADDO PAR_OPEN ID PAR_CLOSE SEMICOLON
    (50) add -> . ADDO PAR_OPEN ID COLON n2 PAR_CLOSE SEMICOLON
    (52) sub -> . SUBSTR PAR_OPEN n3 COLON n2 PAR_CLOSE SEMICOLON
    (51) equal -> . EQUAL PAR_OPEN n2 COLON n2 PAR_CLOSE SEMICOLON
    (53) and -> . AND PAR_OPEN n4 COLON n4 PAR_CLOSE SEMICOLON
    (54) or -> . OR PAR_OPEN n4 COLON n4 PAR_CLOSE SEMICOLON
    (55) greater -> . GREATER PAR_OPEN n2 COLON n2 PAR_CLOSE SEMICOLON
    (56) smaller -> . SMALLER PAR_OPEN n2 COLON n2 PAR_CLOSE SEMICOLON
    (57) random -> . RANDOM PAR_OPEN n3 PAR_CLOSE SEMICOLON
    (58) mult -> . MULTO PAR_OPEN n3 COLON n2 PAR_CLOSE SEMICOLON
    (59) div -> . DIVO PAR_OPEN n3 COLON n2 PAR_CLOSE SEMICOLON
    (60) sum -> . SUMO PAR_OPEN n3 COLON n2 PAR_CLOSE SEMICOLON

    NUMBER          shift and go to state 99
    ID              shift and go to state 101
    ADDO            shift and go to state 75
    SUBSTR          shift and go to state 76
    EQUAL           shift and go to state 77
    AND             shift and go to state 78
    OR              shift and go to state 79
    GREATER         shift and go to state 80
    SMALLER         shift and go to state 81
    RANDOM          shift and go to state 82
    MULTO           shift and go to state 83
    DIVO            shift and go to state 84
    SUMO            shift and go to state 85

    n2                             shift and go to state 212
    operation                      shift and go to state 100
    add                            shift and go to state 51
    sub                            shift and go to state 52
    equal                          shift and go to state 53
    and                            shift and go to state 54
    or                             shift and go to state 55
    greater                        shift and go to state 56
    smaller                        shift and go to state 57
    random                         shift and go to state 58
    mult                           shift and go to state 59
    div                            shift and go to state 60
    sum                            shift and go to state 61

state 186

    (57) random -> RANDOM PAR_OPEN n3 PAR_CLOSE . SEMICOLON

    SEMICOLON       shift and go to state 213


state 187

    (58) mult -> MULTO PAR_OPEN n3 COLON . n2 PAR_CLOSE SEMICOLON
    (23) n2 -> . NUMBER
    (24) n2 -> . operation
    (25) n2 -> . ID
    (38) operation -> . add
    (39) operation -> . sub
    (40) operation -> . equal
    (41) operation -> . and
    (42) operation -> . or
    (43) operation -> . greater
    (44) operation -> . smaller
    (45) operation -> . random
    (46) operation -> . mult
    (47) operation -> . div
    (48) operation -> . sum
    (49) add -> . ADDO PAR_OPEN ID PAR_CLOSE SEMICOLON
    (50) add -> . ADDO PAR_OPEN ID COLON n2 PAR_CLOSE SEMICOLON
    (52) sub -> . SUBSTR PAR_OPEN n3 COLON n2 PAR_CLOSE SEMICOLON
    (51) equal -> . EQUAL PAR_OPEN n2 COLON n2 PAR_CLOSE SEMICOLON
    (53) and -> . AND PAR_OPEN n4 COLON n4 PAR_CLOSE SEMICOLON
    (54) or -> . OR PAR_OPEN n4 COLON n4 PAR_CLOSE SEMICOLON
    (55) greater -> . GREATER PAR_OPEN n2 COLON n2 PAR_CLOSE SEMICOLON
    (56) smaller -> . SMALLER PAR_OPEN n2 COLON n2 PAR_CLOSE SEMICOLON
    (57) random -> . RANDOM PAR_OPEN n3 PAR_CLOSE SEMICOLON
    (58) mult -> . MULTO PAR_OPEN n3 COLON n2 PAR_CLOSE SEMICOLON
    (59) div -> . DIVO PAR_OPEN n3 COLON n2 PAR_CLOSE SEMICOLON
    (60) sum -> . SUMO PAR_OPEN n3 COLON n2 PAR_CLOSE SEMICOLON

    NUMBER          shift and go to state 99
    ID              shift and go to state 101
    ADDO            shift and go to state 75
    SUBSTR          shift and go to state 76
    EQUAL           shift and go to state 77
    AND             shift and go to state 78
    OR              shift and go to state 79
    GREATER         shift and go to state 80
    SMALLER         shift and go to state 81
    RANDOM          shift and go to state 82
    MULTO           shift and go to state 83
    DIVO            shift and go to state 84
    SUMO            shift and go to state 85

    n2                             shift and go to state 214
    operation                      shift and go to state 100
    add                            shift and go to state 51
    sub                            shift and go to state 52
    equal                          shift and go to state 53
    and                            shift and go to state 54
    or                             shift and go to state 55
    greater                        shift and go to state 56
    smaller                        shift and go to state 57
    random                         shift and go to state 58
    mult                           shift and go to state 59
    div                            shift and go to state 60
    sum                            shift and go to state 61

state 188

    (59) div -> DIVO PAR_OPEN n3 COLON . n2 PAR_CLOSE SEMICOLON
    (23) n2 -> . NUMBER
    (24) n2 -> . operation
    (25) n2 -> . ID
    (38) operation -> . add
    (39) operation -> . sub
    (40) operation -> . equal
    (41) operation -> . and
    (42) operation -> . or
    (43) operation -> . greater
    (44) operation -> . smaller
    (45) operation -> . random
    (46) operation -> . mult
    (47) operation -> . div
    (48) operation -> . sum
    (49) add -> . ADDO PAR_OPEN ID PAR_CLOSE SEMICOLON
    (50) add -> . ADDO PAR_OPEN ID COLON n2 PAR_CLOSE SEMICOLON
    (52) sub -> . SUBSTR PAR_OPEN n3 COLON n2 PAR_CLOSE SEMICOLON
    (51) equal -> . EQUAL PAR_OPEN n2 COLON n2 PAR_CLOSE SEMICOLON
    (53) and -> . AND PAR_OPEN n4 COLON n4 PAR_CLOSE SEMICOLON
    (54) or -> . OR PAR_OPEN n4 COLON n4 PAR_CLOSE SEMICOLON
    (55) greater -> . GREATER PAR_OPEN n2 COLON n2 PAR_CLOSE SEMICOLON
    (56) smaller -> . SMALLER PAR_OPEN n2 COLON n2 PAR_CLOSE SEMICOLON
    (57) random -> . RANDOM PAR_OPEN n3 PAR_CLOSE SEMICOLON
    (58) mult -> . MULTO PAR_OPEN n3 COLON n2 PAR_CLOSE SEMICOLON
    (59) div -> . DIVO PAR_OPEN n3 COLON n2 PAR_CLOSE SEMICOLON
    (60) sum -> . SUMO PAR_OPEN n3 COLON n2 PAR_CLOSE SEMICOLON

    NUMBER          shift and go to state 99
    ID              shift and go to state 101
    ADDO            shift and go to state 75
    SUBSTR          shift and go to state 76
    EQUAL           shift and go to state 77
    AND             shift and go to state 78
    OR              shift and go to state 79
    GREATER         shift and go to state 80
    SMALLER         shift and go to state 81
    RANDOM          shift and go to state 82
    MULTO           shift and go to state 83
    DIVO            shift and go to state 84
    SUMO            shift and go to state 85

    n2                             shift and go to state 215
    operation                      shift and go to state 100
    add                            shift and go to state 51
    sub                            shift and go to state 52
    equal                          shift and go to state 53
    and                            shift and go to state 54
    or                             shift and go to state 55
    greater                        shift and go to state 56
    smaller                        shift and go to state 57
    random                         shift and go to state 58
    mult                           shift and go to state 59
    div                            shift and go to state 60
    sum                            shift and go to state 61

state 189

    (60) sum -> SUMO PAR_OPEN n3 COLON . n2 PAR_CLOSE SEMICOLON
    (23) n2 -> . NUMBER
    (24) n2 -> . operation
    (25) n2 -> . ID
    (38) operation -> . add
    (39) operation -> . sub
    (40) operation -> . equal
    (41) operation -> . and
    (42) operation -> . or
    (43) operation -> . greater
    (44) operation -> . smaller
    (45) operation -> . random
    (46) operation -> . mult
    (47) operation -> . div
    (48) operation -> . sum
    (49) add -> . ADDO PAR_OPEN ID PAR_CLOSE SEMICOLON
    (50) add -> . ADDO PAR_OPEN ID COLON n2 PAR_CLOSE SEMICOLON
    (52) sub -> . SUBSTR PAR_OPEN n3 COLON n2 PAR_CLOSE SEMICOLON
    (51) equal -> . EQUAL PAR_OPEN n2 COLON n2 PAR_CLOSE SEMICOLON
    (53) and -> . AND PAR_OPEN n4 COLON n4 PAR_CLOSE SEMICOLON
    (54) or -> . OR PAR_OPEN n4 COLON n4 PAR_CLOSE SEMICOLON
    (55) greater -> . GREATER PAR_OPEN n2 COLON n2 PAR_CLOSE SEMICOLON
    (56) smaller -> . SMALLER PAR_OPEN n2 COLON n2 PAR_CLOSE SEMICOLON
    (57) random -> . RANDOM PAR_OPEN n3 PAR_CLOSE SEMICOLON
    (58) mult -> . MULTO PAR_OPEN n3 COLON n2 PAR_CLOSE SEMICOLON
    (59) div -> . DIVO PAR_OPEN n3 COLON n2 PAR_CLOSE SEMICOLON
    (60) sum -> . SUMO PAR_OPEN n3 COLON n2 PAR_CLOSE SEMICOLON

    NUMBER          shift and go to state 99
    ID              shift and go to state 101
    ADDO            shift and go to state 75
    SUBSTR          shift and go to state 76
    EQUAL           shift and go to state 77
    AND             shift and go to state 78
    OR              shift and go to state 79
    GREATER         shift and go to state 80
    SMALLER         shift and go to state 81
    RANDOM          shift and go to state 82
    MULTO           shift and go to state 83
    DIVO            shift and go to state 84
    SUMO            shift and go to state 85

    n2                             shift and go to state 216
    operation                      shift and go to state 100
    add                            shift and go to state 51
    sub                            shift and go to state 52
    equal                          shift and go to state 53
    and                            shift and go to state 54
    or                             shift and go to state 55
    greater                        shift and go to state 56
    smaller                        shift and go to state 57
    random                         shift and go to state 58
    mult                           shift and go to state 59
    div                            shift and go to state 60
    sum                            shift and go to state 61

state 190

    (85) llamada -> CALL ID PAR_OPEN PAR_CLOSE SEMICOLON .

    P_CLOSE         reduce using rule 85 (llamada -> CALL ID PAR_OPEN PAR_CLOSE SEMICOLON .)
    CALL            reduce using rule 85 (llamada -> CALL ID PAR_OPEN PAR_CLOSE SEMICOLON .)


state 191

    (4) procedure -> PROC ID PAR_OPEN paramet_list PAR_CLOSE P_OPEN codigo_list P_CLOSE SEMICOLON END . SEMICOLON

    SEMICOLON       shift and go to state 217


state 192

    (5) procedure -> PROC ID PAR_OPEN PAR_CLOSE P_OPEN codigo_list P_CLOSE SEMICOLON END SEMICOLON .

    MAIN            reduce using rule 5 (procedure -> PROC ID PAR_OPEN PAR_CLOSE P_OPEN codigo_list P_CLOSE SEMICOLON END SEMICOLON .)
    PROC            reduce using rule 5 (procedure -> PROC ID PAR_OPEN PAR_CLOSE P_OPEN codigo_list P_CLOSE SEMICOLON END SEMICOLON .)


state 193

    (81) case -> CASE ID caseaux_list END CASE . SEMICOLON

    SEMICOLON       shift and go to state 218


state 194

    (82) case -> CASE ID caseaux_list ELSE P_OPEN . sentencia_list P_CLOSE END CASE SEMICOLON
    (73) sentencia_list -> . sentencia
    (74) sentencia_list -> . sentencia_list sentencia
    (6) sentencia -> . operation
    (7) sentencia -> . def
    (8) sentencia -> . put
    (9) sentencia -> . cup
    (10) sentencia -> . cdown
    (11) sentencia -> . cleft
    (12) sentencia -> . cright
    (13) sentencia -> . pos
    (14) sentencia -> . posx
    (15) sentencia -> . posy
    (16) sentencia -> . color
    (17) sentencia -> . down
    (18) sentencia -> . up
    (19) sentencia -> . begining
    (38) operation -> . add
    (39) operation -> . sub
    (40) operation -> . equal
    (41) operation -> . and
    (42) operation -> . or
    (43) operation -> . greater
    (44) operation -> . smaller
    (45) operation -> . random
    (46) operation -> . mult
    (47) operation -> . div
    (48) operation -> . sum
    (37) def -> . DEF PAR_OPEN ID COLON n6 PAR_CLOSE SEMICOLON
    (61) put -> . PUT PAR_OPEN ID COLON n1 PAR_CLOSE SEMICOLON
    (62) cup -> . CUP n2 SEMICOLON
    (63) cdown -> . CDOWN n2 SEMICOLON
    (65) cleft -> . CLEFT n2 SEMICOLON
    (64) cright -> . CRIGHT n2 SEMICOLON
    (66) pos -> . POS PAR_OPEN n2 COLON n2 PAR_CLOSE SEMICOLON
    (67) posx -> . POSX n2 SEMICOLON
    (68) posy -> . POSY n2 SEMICOLON
    (69) color -> . COLOR n2 SEMICOLON
    (70) down -> . DOWN SEMICOLON
    (71) up -> . UP SEMICOLON
    (72) begining -> . BEG SEMICOLON
    (49) add -> . ADDO PAR_OPEN ID PAR_CLOSE SEMICOLON
    (50) add -> . ADDO PAR_OPEN ID COLON n2 PAR_CLOSE SEMICOLON
    (52) sub -> . SUBSTR PAR_OPEN n3 COLON n2 PAR_CLOSE SEMICOLON
    (51) equal -> . EQUAL PAR_OPEN n2 COLON n2 PAR_CLOSE SEMICOLON
    (53) and -> . AND PAR_OPEN n4 COLON n4 PAR_CLOSE SEMICOLON
    (54) or -> . OR PAR_OPEN n4 COLON n4 PAR_CLOSE SEMICOLON
    (55) greater -> . GREATER PAR_OPEN n2 COLON n2 PAR_CLOSE SEMICOLON
    (56) smaller -> . SMALLER PAR_OPEN n2 COLON n2 PAR_CLOSE SEMICOLON
    (57) random -> . RANDOM PAR_OPEN n3 PAR_CLOSE SEMICOLON
    (58) mult -> . MULTO PAR_OPEN n3 COLON n2 PAR_CLOSE SEMICOLON
    (59) div -> . DIVO PAR_OPEN n3 COLON n2 PAR_CLOSE SEMICOLON
    (60) sum -> . SUMO PAR_OPEN n3 COLON n2 PAR_CLOSE SEMICOLON

    DEF             shift and go to state 62
    PUT             shift and go to state 63
    CUP             shift and go to state 64
    CDOWN           shift and go to state 65
    CLEFT           shift and go to state 66
    CRIGHT          shift and go to state 67
    POS             shift and go to state 68
    POSX            shift and go to state 69
    POSY            shift and go to state 70
    COLOR           shift and go to state 71
    DOWN            shift and go to state 72
    UP              shift and go to state 73
    BEG             shift and go to state 74
    ADDO            shift and go to state 75
    SUBSTR          shift and go to state 76
    EQUAL           shift and go to state 77
    AND             shift and go to state 78
    OR              shift and go to state 79
    GREATER         shift and go to state 80
    SMALLER         shift and go to state 81
    RANDOM          shift and go to state 82
    MULTO           shift and go to state 83
    DIVO            shift and go to state 84
    SUMO            shift and go to state 85

    sentencia_list                 shift and go to state 219
    sentencia                      shift and go to state 131
    operation                      shift and go to state 33
    def                            shift and go to state 34
    put                            shift and go to state 35
    cup                            shift and go to state 36
    cdown                          shift and go to state 37
    cleft                          shift and go to state 38
    cright                         shift and go to state 39
    pos                            shift and go to state 40
    posx                           shift and go to state 41
    posy                           shift and go to state 42
    color                          shift and go to state 43
    down                           shift and go to state 44
    up                             shift and go to state 45
    begining                       shift and go to state 46
    add                            shift and go to state 51
    sub                            shift and go to state 52
    equal                          shift and go to state 53
    and                            shift and go to state 54
    or                             shift and go to state 55
    greater                        shift and go to state 56
    smaller                        shift and go to state 57
    random                         shift and go to state 58
    mult                           shift and go to state 59
    div                            shift and go to state 60
    sum                            shift and go to state 61

state 195

    (78) caseaux -> WHEN n6 THEN . P_OPEN sentencia_list P_CLOSE SEMICOLON

    P_OPEN          shift and go to state 220


state 196

    (77) repeat -> REPEAT P_OPEN sentencia_list P_CLOSE UNTIL . P_OPEN n2 P_CLOSE SEMICOLON

    P_OPEN          shift and go to state 221


state 197

    (76) whiles -> WHILE P_OPEN n2 P_CLOSE P_OPEN . sentencia_list P_CLOSE WHEND SEMICOLON
    (73) sentencia_list -> . sentencia
    (74) sentencia_list -> . sentencia_list sentencia
    (6) sentencia -> . operation
    (7) sentencia -> . def
    (8) sentencia -> . put
    (9) sentencia -> . cup
    (10) sentencia -> . cdown
    (11) sentencia -> . cleft
    (12) sentencia -> . cright
    (13) sentencia -> . pos
    (14) sentencia -> . posx
    (15) sentencia -> . posy
    (16) sentencia -> . color
    (17) sentencia -> . down
    (18) sentencia -> . up
    (19) sentencia -> . begining
    (38) operation -> . add
    (39) operation -> . sub
    (40) operation -> . equal
    (41) operation -> . and
    (42) operation -> . or
    (43) operation -> . greater
    (44) operation -> . smaller
    (45) operation -> . random
    (46) operation -> . mult
    (47) operation -> . div
    (48) operation -> . sum
    (37) def -> . DEF PAR_OPEN ID COLON n6 PAR_CLOSE SEMICOLON
    (61) put -> . PUT PAR_OPEN ID COLON n1 PAR_CLOSE SEMICOLON
    (62) cup -> . CUP n2 SEMICOLON
    (63) cdown -> . CDOWN n2 SEMICOLON
    (65) cleft -> . CLEFT n2 SEMICOLON
    (64) cright -> . CRIGHT n2 SEMICOLON
    (66) pos -> . POS PAR_OPEN n2 COLON n2 PAR_CLOSE SEMICOLON
    (67) posx -> . POSX n2 SEMICOLON
    (68) posy -> . POSY n2 SEMICOLON
    (69) color -> . COLOR n2 SEMICOLON
    (70) down -> . DOWN SEMICOLON
    (71) up -> . UP SEMICOLON
    (72) begining -> . BEG SEMICOLON
    (49) add -> . ADDO PAR_OPEN ID PAR_CLOSE SEMICOLON
    (50) add -> . ADDO PAR_OPEN ID COLON n2 PAR_CLOSE SEMICOLON
    (52) sub -> . SUBSTR PAR_OPEN n3 COLON n2 PAR_CLOSE SEMICOLON
    (51) equal -> . EQUAL PAR_OPEN n2 COLON n2 PAR_CLOSE SEMICOLON
    (53) and -> . AND PAR_OPEN n4 COLON n4 PAR_CLOSE SEMICOLON
    (54) or -> . OR PAR_OPEN n4 COLON n4 PAR_CLOSE SEMICOLON
    (55) greater -> . GREATER PAR_OPEN n2 COLON n2 PAR_CLOSE SEMICOLON
    (56) smaller -> . SMALLER PAR_OPEN n2 COLON n2 PAR_CLOSE SEMICOLON
    (57) random -> . RANDOM PAR_OPEN n3 PAR_CLOSE SEMICOLON
    (58) mult -> . MULTO PAR_OPEN n3 COLON n2 PAR_CLOSE SEMICOLON
    (59) div -> . DIVO PAR_OPEN n3 COLON n2 PAR_CLOSE SEMICOLON
    (60) sum -> . SUMO PAR_OPEN n3 COLON n2 PAR_CLOSE SEMICOLON

    DEF             shift and go to state 62
    PUT             shift and go to state 63
    CUP             shift and go to state 64
    CDOWN           shift and go to state 65
    CLEFT           shift and go to state 66
    CRIGHT          shift and go to state 67
    POS             shift and go to state 68
    POSX            shift and go to state 69
    POSY            shift and go to state 70
    COLOR           shift and go to state 71
    DOWN            shift and go to state 72
    UP              shift and go to state 73
    BEG             shift and go to state 74
    ADDO            shift and go to state 75
    SUBSTR          shift and go to state 76
    EQUAL           shift and go to state 77
    AND             shift and go to state 78
    OR              shift and go to state 79
    GREATER         shift and go to state 80
    SMALLER         shift and go to state 81
    RANDOM          shift and go to state 82
    MULTO           shift and go to state 83
    DIVO            shift and go to state 84
    SUMO            shift and go to state 85

    sentencia_list                 shift and go to state 222
    sentencia                      shift and go to state 131
    operation                      shift and go to state 33
    def                            shift and go to state 34
    put                            shift and go to state 35
    cup                            shift and go to state 36
    cdown                          shift and go to state 37
    cleft                          shift and go to state 38
    cright                         shift and go to state 39
    pos                            shift and go to state 40
    posx                           shift and go to state 41
    posy                           shift and go to state 42
    color                          shift and go to state 43
    down                           shift and go to state 44
    up                             shift and go to state 45
    begining                       shift and go to state 46
    add                            shift and go to state 51
    sub                            shift and go to state 52
    equal                          shift and go to state 53
    and                            shift and go to state 54
    or                             shift and go to state 55
    greater                        shift and go to state 56
    smaller                        shift and go to state 57
    random                         shift and go to state 58
    mult                           shift and go to state 59
    div                            shift and go to state 60
    sum                            shift and go to state 61

state 198

    (75) forloops -> FOR ID PAR_OPEN NUMBER TO . NUMBER PAR_CLOSE LOOP P_OPEN sentencia_list P_CLOSE END LOOP SEMICOLON

    NUMBER          shift and go to state 223


state 199

    (37) def -> DEF PAR_OPEN ID COLON n6 . PAR_CLOSE SEMICOLON

    PAR_CLOSE       shift and go to state 224


state 200

    (61) put -> PUT PAR_OPEN ID COLON n1 . PAR_CLOSE SEMICOLON

    PAR_CLOSE       shift and go to state 225


state 201

    (20) n1 -> NUMBER .

    PAR_CLOSE       reduce using rule 20 (n1 -> NUMBER .)


state 202

    (21) n1 -> operation .

    PAR_CLOSE       reduce using rule 21 (n1 -> operation .)


state 203

    (22) n1 -> BOOLEAN .

    PAR_CLOSE       reduce using rule 22 (n1 -> BOOLEAN .)


state 204

    (66) pos -> POS PAR_OPEN n2 COLON n2 . PAR_CLOSE SEMICOLON

    PAR_CLOSE       shift and go to state 226


state 205

    (49) add -> ADDO PAR_OPEN ID PAR_CLOSE SEMICOLON .

    P_CLOSE         reduce using rule 49 (add -> ADDO PAR_OPEN ID PAR_CLOSE SEMICOLON .)
    CASE            reduce using rule 49 (add -> ADDO PAR_OPEN ID PAR_CLOSE SEMICOLON .)
    REPEAT          reduce using rule 49 (add -> ADDO PAR_OPEN ID PAR_CLOSE SEMICOLON .)
    WHILE           reduce using rule 49 (add -> ADDO PAR_OPEN ID PAR_CLOSE SEMICOLON .)
    FOR             reduce using rule 49 (add -> ADDO PAR_OPEN ID PAR_CLOSE SEMICOLON .)
    DEF             reduce using rule 49 (add -> ADDO PAR_OPEN ID PAR_CLOSE SEMICOLON .)
    PUT             reduce using rule 49 (add -> ADDO PAR_OPEN ID PAR_CLOSE SEMICOLON .)
    CUP             reduce using rule 49 (add -> ADDO PAR_OPEN ID PAR_CLOSE SEMICOLON .)
    CDOWN           reduce using rule 49 (add -> ADDO PAR_OPEN ID PAR_CLOSE SEMICOLON .)
    CLEFT           reduce using rule 49 (add -> ADDO PAR_OPEN ID PAR_CLOSE SEMICOLON .)
    CRIGHT          reduce using rule 49 (add -> ADDO PAR_OPEN ID PAR_CLOSE SEMICOLON .)
    POS             reduce using rule 49 (add -> ADDO PAR_OPEN ID PAR_CLOSE SEMICOLON .)
    POSX            reduce using rule 49 (add -> ADDO PAR_OPEN ID PAR_CLOSE SEMICOLON .)
    POSY            reduce using rule 49 (add -> ADDO PAR_OPEN ID PAR_CLOSE SEMICOLON .)
    COLOR           reduce using rule 49 (add -> ADDO PAR_OPEN ID PAR_CLOSE SEMICOLON .)
    DOWN            reduce using rule 49 (add -> ADDO PAR_OPEN ID PAR_CLOSE SEMICOLON .)
    UP              reduce using rule 49 (add -> ADDO PAR_OPEN ID PAR_CLOSE SEMICOLON .)
    BEG             reduce using rule 49 (add -> ADDO PAR_OPEN ID PAR_CLOSE SEMICOLON .)
    ADDO            reduce using rule 49 (add -> ADDO PAR_OPEN ID PAR_CLOSE SEMICOLON .)
    SUBSTR          reduce using rule 49 (add -> ADDO PAR_OPEN ID PAR_CLOSE SEMICOLON .)
    EQUAL           reduce using rule 49 (add -> ADDO PAR_OPEN ID PAR_CLOSE SEMICOLON .)
    AND             reduce using rule 49 (add -> ADDO PAR_OPEN ID PAR_CLOSE SEMICOLON .)
    OR              reduce using rule 49 (add -> ADDO PAR_OPEN ID PAR_CLOSE SEMICOLON .)
    GREATER         reduce using rule 49 (add -> ADDO PAR_OPEN ID PAR_CLOSE SEMICOLON .)
    SMALLER         reduce using rule 49 (add -> ADDO PAR_OPEN ID PAR_CLOSE SEMICOLON .)
    RANDOM          reduce using rule 49 (add -> ADDO PAR_OPEN ID PAR_CLOSE SEMICOLON .)
    MULTO           reduce using rule 49 (add -> ADDO PAR_OPEN ID PAR_CLOSE SEMICOLON .)
    DIVO            reduce using rule 49 (add -> ADDO PAR_OPEN ID PAR_CLOSE SEMICOLON .)
    SUMO            reduce using rule 49 (add -> ADDO PAR_OPEN ID PAR_CLOSE SEMICOLON .)
    SEMICOLON       reduce using rule 49 (add -> ADDO PAR_OPEN ID PAR_CLOSE SEMICOLON .)
    COLON           reduce using rule 49 (add -> ADDO PAR_OPEN ID PAR_CLOSE SEMICOLON .)
    PAR_CLOSE       reduce using rule 49 (add -> ADDO PAR_OPEN ID PAR_CLOSE SEMICOLON .)


state 206

    (50) add -> ADDO PAR_OPEN ID COLON n2 . PAR_CLOSE SEMICOLON

    PAR_CLOSE       shift and go to state 227


state 207

    (52) sub -> SUBSTR PAR_OPEN n3 COLON n2 . PAR_CLOSE SEMICOLON

    PAR_CLOSE       shift and go to state 228


state 208

    (51) equal -> EQUAL PAR_OPEN n2 COLON n2 . PAR_CLOSE SEMICOLON

    PAR_CLOSE       shift and go to state 229


state 209

    (53) and -> AND PAR_OPEN n4 COLON n4 . PAR_CLOSE SEMICOLON

    PAR_CLOSE       shift and go to state 230


state 210

    (54) or -> OR PAR_OPEN n4 COLON n4 . PAR_CLOSE SEMICOLON

    PAR_CLOSE       shift and go to state 231


state 211

    (55) greater -> GREATER PAR_OPEN n2 COLON n2 . PAR_CLOSE SEMICOLON

    PAR_CLOSE       shift and go to state 232


state 212

    (56) smaller -> SMALLER PAR_OPEN n2 COLON n2 . PAR_CLOSE SEMICOLON

    PAR_CLOSE       shift and go to state 233


state 213

    (57) random -> RANDOM PAR_OPEN n3 PAR_CLOSE SEMICOLON .

    P_CLOSE         reduce using rule 57 (random -> RANDOM PAR_OPEN n3 PAR_CLOSE SEMICOLON .)
    CASE            reduce using rule 57 (random -> RANDOM PAR_OPEN n3 PAR_CLOSE SEMICOLON .)
    REPEAT          reduce using rule 57 (random -> RANDOM PAR_OPEN n3 PAR_CLOSE SEMICOLON .)
    WHILE           reduce using rule 57 (random -> RANDOM PAR_OPEN n3 PAR_CLOSE SEMICOLON .)
    FOR             reduce using rule 57 (random -> RANDOM PAR_OPEN n3 PAR_CLOSE SEMICOLON .)
    DEF             reduce using rule 57 (random -> RANDOM PAR_OPEN n3 PAR_CLOSE SEMICOLON .)
    PUT             reduce using rule 57 (random -> RANDOM PAR_OPEN n3 PAR_CLOSE SEMICOLON .)
    CUP             reduce using rule 57 (random -> RANDOM PAR_OPEN n3 PAR_CLOSE SEMICOLON .)
    CDOWN           reduce using rule 57 (random -> RANDOM PAR_OPEN n3 PAR_CLOSE SEMICOLON .)
    CLEFT           reduce using rule 57 (random -> RANDOM PAR_OPEN n3 PAR_CLOSE SEMICOLON .)
    CRIGHT          reduce using rule 57 (random -> RANDOM PAR_OPEN n3 PAR_CLOSE SEMICOLON .)
    POS             reduce using rule 57 (random -> RANDOM PAR_OPEN n3 PAR_CLOSE SEMICOLON .)
    POSX            reduce using rule 57 (random -> RANDOM PAR_OPEN n3 PAR_CLOSE SEMICOLON .)
    POSY            reduce using rule 57 (random -> RANDOM PAR_OPEN n3 PAR_CLOSE SEMICOLON .)
    COLOR           reduce using rule 57 (random -> RANDOM PAR_OPEN n3 PAR_CLOSE SEMICOLON .)
    DOWN            reduce using rule 57 (random -> RANDOM PAR_OPEN n3 PAR_CLOSE SEMICOLON .)
    UP              reduce using rule 57 (random -> RANDOM PAR_OPEN n3 PAR_CLOSE SEMICOLON .)
    BEG             reduce using rule 57 (random -> RANDOM PAR_OPEN n3 PAR_CLOSE SEMICOLON .)
    ADDO            reduce using rule 57 (random -> RANDOM PAR_OPEN n3 PAR_CLOSE SEMICOLON .)
    SUBSTR          reduce using rule 57 (random -> RANDOM PAR_OPEN n3 PAR_CLOSE SEMICOLON .)
    EQUAL           reduce using rule 57 (random -> RANDOM PAR_OPEN n3 PAR_CLOSE SEMICOLON .)
    AND             reduce using rule 57 (random -> RANDOM PAR_OPEN n3 PAR_CLOSE SEMICOLON .)
    OR              reduce using rule 57 (random -> RANDOM PAR_OPEN n3 PAR_CLOSE SEMICOLON .)
    GREATER         reduce using rule 57 (random -> RANDOM PAR_OPEN n3 PAR_CLOSE SEMICOLON .)
    SMALLER         reduce using rule 57 (random -> RANDOM PAR_OPEN n3 PAR_CLOSE SEMICOLON .)
    RANDOM          reduce using rule 57 (random -> RANDOM PAR_OPEN n3 PAR_CLOSE SEMICOLON .)
    MULTO           reduce using rule 57 (random -> RANDOM PAR_OPEN n3 PAR_CLOSE SEMICOLON .)
    DIVO            reduce using rule 57 (random -> RANDOM PAR_OPEN n3 PAR_CLOSE SEMICOLON .)
    SUMO            reduce using rule 57 (random -> RANDOM PAR_OPEN n3 PAR_CLOSE SEMICOLON .)
    SEMICOLON       reduce using rule 57 (random -> RANDOM PAR_OPEN n3 PAR_CLOSE SEMICOLON .)
    COLON           reduce using rule 57 (random -> RANDOM PAR_OPEN n3 PAR_CLOSE SEMICOLON .)
    PAR_CLOSE       reduce using rule 57 (random -> RANDOM PAR_OPEN n3 PAR_CLOSE SEMICOLON .)


state 214

    (58) mult -> MULTO PAR_OPEN n3 COLON n2 . PAR_CLOSE SEMICOLON

    PAR_CLOSE       shift and go to state 234


state 215

    (59) div -> DIVO PAR_OPEN n3 COLON n2 . PAR_CLOSE SEMICOLON

    PAR_CLOSE       shift and go to state 235


state 216

    (60) sum -> SUMO PAR_OPEN n3 COLON n2 . PAR_CLOSE SEMICOLON

    PAR_CLOSE       shift and go to state 236


state 217

    (4) procedure -> PROC ID PAR_OPEN paramet_list PAR_CLOSE P_OPEN codigo_list P_CLOSE SEMICOLON END SEMICOLON .

    MAIN            reduce using rule 4 (procedure -> PROC ID PAR_OPEN paramet_list PAR_CLOSE P_OPEN codigo_list P_CLOSE SEMICOLON END SEMICOLON .)
    PROC            reduce using rule 4 (procedure -> PROC ID PAR_OPEN paramet_list PAR_CLOSE P_OPEN codigo_list P_CLOSE SEMICOLON END SEMICOLON .)


state 218

    (81) case -> CASE ID caseaux_list END CASE SEMICOLON .

    P_CLOSE         reduce using rule 81 (case -> CASE ID caseaux_list END CASE SEMICOLON .)
    CASE            reduce using rule 81 (case -> CASE ID caseaux_list END CASE SEMICOLON .)
    REPEAT          reduce using rule 81 (case -> CASE ID caseaux_list END CASE SEMICOLON .)
    WHILE           reduce using rule 81 (case -> CASE ID caseaux_list END CASE SEMICOLON .)
    FOR             reduce using rule 81 (case -> CASE ID caseaux_list END CASE SEMICOLON .)
    DEF             reduce using rule 81 (case -> CASE ID caseaux_list END CASE SEMICOLON .)
    PUT             reduce using rule 81 (case -> CASE ID caseaux_list END CASE SEMICOLON .)
    CUP             reduce using rule 81 (case -> CASE ID caseaux_list END CASE SEMICOLON .)
    CDOWN           reduce using rule 81 (case -> CASE ID caseaux_list END CASE SEMICOLON .)
    CLEFT           reduce using rule 81 (case -> CASE ID caseaux_list END CASE SEMICOLON .)
    CRIGHT          reduce using rule 81 (case -> CASE ID caseaux_list END CASE SEMICOLON .)
    POS             reduce using rule 81 (case -> CASE ID caseaux_list END CASE SEMICOLON .)
    POSX            reduce using rule 81 (case -> CASE ID caseaux_list END CASE SEMICOLON .)
    POSY            reduce using rule 81 (case -> CASE ID caseaux_list END CASE SEMICOLON .)
    COLOR           reduce using rule 81 (case -> CASE ID caseaux_list END CASE SEMICOLON .)
    DOWN            reduce using rule 81 (case -> CASE ID caseaux_list END CASE SEMICOLON .)
    UP              reduce using rule 81 (case -> CASE ID caseaux_list END CASE SEMICOLON .)
    BEG             reduce using rule 81 (case -> CASE ID caseaux_list END CASE SEMICOLON .)
    ADDO            reduce using rule 81 (case -> CASE ID caseaux_list END CASE SEMICOLON .)
    SUBSTR          reduce using rule 81 (case -> CASE ID caseaux_list END CASE SEMICOLON .)
    EQUAL           reduce using rule 81 (case -> CASE ID caseaux_list END CASE SEMICOLON .)
    AND             reduce using rule 81 (case -> CASE ID caseaux_list END CASE SEMICOLON .)
    OR              reduce using rule 81 (case -> CASE ID caseaux_list END CASE SEMICOLON .)
    GREATER         reduce using rule 81 (case -> CASE ID caseaux_list END CASE SEMICOLON .)
    SMALLER         reduce using rule 81 (case -> CASE ID caseaux_list END CASE SEMICOLON .)
    RANDOM          reduce using rule 81 (case -> CASE ID caseaux_list END CASE SEMICOLON .)
    MULTO           reduce using rule 81 (case -> CASE ID caseaux_list END CASE SEMICOLON .)
    DIVO            reduce using rule 81 (case -> CASE ID caseaux_list END CASE SEMICOLON .)
    SUMO            reduce using rule 81 (case -> CASE ID caseaux_list END CASE SEMICOLON .)


state 219

    (82) case -> CASE ID caseaux_list ELSE P_OPEN sentencia_list . P_CLOSE END CASE SEMICOLON
    (74) sentencia_list -> sentencia_list . sentencia
    (6) sentencia -> . operation
    (7) sentencia -> . def
    (8) sentencia -> . put
    (9) sentencia -> . cup
    (10) sentencia -> . cdown
    (11) sentencia -> . cleft
    (12) sentencia -> . cright
    (13) sentencia -> . pos
    (14) sentencia -> . posx
    (15) sentencia -> . posy
    (16) sentencia -> . color
    (17) sentencia -> . down
    (18) sentencia -> . up
    (19) sentencia -> . begining
    (38) operation -> . add
    (39) operation -> . sub
    (40) operation -> . equal
    (41) operation -> . and
    (42) operation -> . or
    (43) operation -> . greater
    (44) operation -> . smaller
    (45) operation -> . random
    (46) operation -> . mult
    (47) operation -> . div
    (48) operation -> . sum
    (37) def -> . DEF PAR_OPEN ID COLON n6 PAR_CLOSE SEMICOLON
    (61) put -> . PUT PAR_OPEN ID COLON n1 PAR_CLOSE SEMICOLON
    (62) cup -> . CUP n2 SEMICOLON
    (63) cdown -> . CDOWN n2 SEMICOLON
    (65) cleft -> . CLEFT n2 SEMICOLON
    (64) cright -> . CRIGHT n2 SEMICOLON
    (66) pos -> . POS PAR_OPEN n2 COLON n2 PAR_CLOSE SEMICOLON
    (67) posx -> . POSX n2 SEMICOLON
    (68) posy -> . POSY n2 SEMICOLON
    (69) color -> . COLOR n2 SEMICOLON
    (70) down -> . DOWN SEMICOLON
    (71) up -> . UP SEMICOLON
    (72) begining -> . BEG SEMICOLON
    (49) add -> . ADDO PAR_OPEN ID PAR_CLOSE SEMICOLON
    (50) add -> . ADDO PAR_OPEN ID COLON n2 PAR_CLOSE SEMICOLON
    (52) sub -> . SUBSTR PAR_OPEN n3 COLON n2 PAR_CLOSE SEMICOLON
    (51) equal -> . EQUAL PAR_OPEN n2 COLON n2 PAR_CLOSE SEMICOLON
    (53) and -> . AND PAR_OPEN n4 COLON n4 PAR_CLOSE SEMICOLON
    (54) or -> . OR PAR_OPEN n4 COLON n4 PAR_CLOSE SEMICOLON
    (55) greater -> . GREATER PAR_OPEN n2 COLON n2 PAR_CLOSE SEMICOLON
    (56) smaller -> . SMALLER PAR_OPEN n2 COLON n2 PAR_CLOSE SEMICOLON
    (57) random -> . RANDOM PAR_OPEN n3 PAR_CLOSE SEMICOLON
    (58) mult -> . MULTO PAR_OPEN n3 COLON n2 PAR_CLOSE SEMICOLON
    (59) div -> . DIVO PAR_OPEN n3 COLON n2 PAR_CLOSE SEMICOLON
    (60) sum -> . SUMO PAR_OPEN n3 COLON n2 PAR_CLOSE SEMICOLON

    P_CLOSE         shift and go to state 237
    DEF             shift and go to state 62
    PUT             shift and go to state 63
    CUP             shift and go to state 64
    CDOWN           shift and go to state 65
    CLEFT           shift and go to state 66
    CRIGHT          shift and go to state 67
    POS             shift and go to state 68
    POSX            shift and go to state 69
    POSY            shift and go to state 70
    COLOR           shift and go to state 71
    DOWN            shift and go to state 72
    UP              shift and go to state 73
    BEG             shift and go to state 74
    ADDO            shift and go to state 75
    SUBSTR          shift and go to state 76
    EQUAL           shift and go to state 77
    AND             shift and go to state 78
    OR              shift and go to state 79
    GREATER         shift and go to state 80
    SMALLER         shift and go to state 81
    RANDOM          shift and go to state 82
    MULTO           shift and go to state 83
    DIVO            shift and go to state 84
    SUMO            shift and go to state 85

    sentencia                      shift and go to state 172
    operation                      shift and go to state 33
    def                            shift and go to state 34
    put                            shift and go to state 35
    cup                            shift and go to state 36
    cdown                          shift and go to state 37
    cleft                          shift and go to state 38
    cright                         shift and go to state 39
    pos                            shift and go to state 40
    posx                           shift and go to state 41
    posy                           shift and go to state 42
    color                          shift and go to state 43
    down                           shift and go to state 44
    up                             shift and go to state 45
    begining                       shift and go to state 46
    add                            shift and go to state 51
    sub                            shift and go to state 52
    equal                          shift and go to state 53
    and                            shift and go to state 54
    or                             shift and go to state 55
    greater                        shift and go to state 56
    smaller                        shift and go to state 57
    random                         shift and go to state 58
    mult                           shift and go to state 59
    div                            shift and go to state 60
    sum                            shift and go to state 61

state 220

    (78) caseaux -> WHEN n6 THEN P_OPEN . sentencia_list P_CLOSE SEMICOLON
    (73) sentencia_list -> . sentencia
    (74) sentencia_list -> . sentencia_list sentencia
    (6) sentencia -> . operation
    (7) sentencia -> . def
    (8) sentencia -> . put
    (9) sentencia -> . cup
    (10) sentencia -> . cdown
    (11) sentencia -> . cleft
    (12) sentencia -> . cright
    (13) sentencia -> . pos
    (14) sentencia -> . posx
    (15) sentencia -> . posy
    (16) sentencia -> . color
    (17) sentencia -> . down
    (18) sentencia -> . up
    (19) sentencia -> . begining
    (38) operation -> . add
    (39) operation -> . sub
    (40) operation -> . equal
    (41) operation -> . and
    (42) operation -> . or
    (43) operation -> . greater
    (44) operation -> . smaller
    (45) operation -> . random
    (46) operation -> . mult
    (47) operation -> . div
    (48) operation -> . sum
    (37) def -> . DEF PAR_OPEN ID COLON n6 PAR_CLOSE SEMICOLON
    (61) put -> . PUT PAR_OPEN ID COLON n1 PAR_CLOSE SEMICOLON
    (62) cup -> . CUP n2 SEMICOLON
    (63) cdown -> . CDOWN n2 SEMICOLON
    (65) cleft -> . CLEFT n2 SEMICOLON
    (64) cright -> . CRIGHT n2 SEMICOLON
    (66) pos -> . POS PAR_OPEN n2 COLON n2 PAR_CLOSE SEMICOLON
    (67) posx -> . POSX n2 SEMICOLON
    (68) posy -> . POSY n2 SEMICOLON
    (69) color -> . COLOR n2 SEMICOLON
    (70) down -> . DOWN SEMICOLON
    (71) up -> . UP SEMICOLON
    (72) begining -> . BEG SEMICOLON
    (49) add -> . ADDO PAR_OPEN ID PAR_CLOSE SEMICOLON
    (50) add -> . ADDO PAR_OPEN ID COLON n2 PAR_CLOSE SEMICOLON
    (52) sub -> . SUBSTR PAR_OPEN n3 COLON n2 PAR_CLOSE SEMICOLON
    (51) equal -> . EQUAL PAR_OPEN n2 COLON n2 PAR_CLOSE SEMICOLON
    (53) and -> . AND PAR_OPEN n4 COLON n4 PAR_CLOSE SEMICOLON
    (54) or -> . OR PAR_OPEN n4 COLON n4 PAR_CLOSE SEMICOLON
    (55) greater -> . GREATER PAR_OPEN n2 COLON n2 PAR_CLOSE SEMICOLON
    (56) smaller -> . SMALLER PAR_OPEN n2 COLON n2 PAR_CLOSE SEMICOLON
    (57) random -> . RANDOM PAR_OPEN n3 PAR_CLOSE SEMICOLON
    (58) mult -> . MULTO PAR_OPEN n3 COLON n2 PAR_CLOSE SEMICOLON
    (59) div -> . DIVO PAR_OPEN n3 COLON n2 PAR_CLOSE SEMICOLON
    (60) sum -> . SUMO PAR_OPEN n3 COLON n2 PAR_CLOSE SEMICOLON

    DEF             shift and go to state 62
    PUT             shift and go to state 63
    CUP             shift and go to state 64
    CDOWN           shift and go to state 65
    CLEFT           shift and go to state 66
    CRIGHT          shift and go to state 67
    POS             shift and go to state 68
    POSX            shift and go to state 69
    POSY            shift and go to state 70
    COLOR           shift and go to state 71
    DOWN            shift and go to state 72
    UP              shift and go to state 73
    BEG             shift and go to state 74
    ADDO            shift and go to state 75
    SUBSTR          shift and go to state 76
    EQUAL           shift and go to state 77
    AND             shift and go to state 78
    OR              shift and go to state 79
    GREATER         shift and go to state 80
    SMALLER         shift and go to state 81
    RANDOM          shift and go to state 82
    MULTO           shift and go to state 83
    DIVO            shift and go to state 84
    SUMO            shift and go to state 85

    sentencia_list                 shift and go to state 238
    sentencia                      shift and go to state 131
    operation                      shift and go to state 33
    def                            shift and go to state 34
    put                            shift and go to state 35
    cup                            shift and go to state 36
    cdown                          shift and go to state 37
    cleft                          shift and go to state 38
    cright                         shift and go to state 39
    pos                            shift and go to state 40
    posx                           shift and go to state 41
    posy                           shift and go to state 42
    color                          shift and go to state 43
    down                           shift and go to state 44
    up                             shift and go to state 45
    begining                       shift and go to state 46
    add                            shift and go to state 51
    sub                            shift and go to state 52
    equal                          shift and go to state 53
    and                            shift and go to state 54
    or                             shift and go to state 55
    greater                        shift and go to state 56
    smaller                        shift and go to state 57
    random                         shift and go to state 58
    mult                           shift and go to state 59
    div                            shift and go to state 60
    sum                            shift and go to state 61

state 221

    (77) repeat -> REPEAT P_OPEN sentencia_list P_CLOSE UNTIL P_OPEN . n2 P_CLOSE SEMICOLON
    (23) n2 -> . NUMBER
    (24) n2 -> . operation
    (25) n2 -> . ID
    (38) operation -> . add
    (39) operation -> . sub
    (40) operation -> . equal
    (41) operation -> . and
    (42) operation -> . or
    (43) operation -> . greater
    (44) operation -> . smaller
    (45) operation -> . random
    (46) operation -> . mult
    (47) operation -> . div
    (48) operation -> . sum
    (49) add -> . ADDO PAR_OPEN ID PAR_CLOSE SEMICOLON
    (50) add -> . ADDO PAR_OPEN ID COLON n2 PAR_CLOSE SEMICOLON
    (52) sub -> . SUBSTR PAR_OPEN n3 COLON n2 PAR_CLOSE SEMICOLON
    (51) equal -> . EQUAL PAR_OPEN n2 COLON n2 PAR_CLOSE SEMICOLON
    (53) and -> . AND PAR_OPEN n4 COLON n4 PAR_CLOSE SEMICOLON
    (54) or -> . OR PAR_OPEN n4 COLON n4 PAR_CLOSE SEMICOLON
    (55) greater -> . GREATER PAR_OPEN n2 COLON n2 PAR_CLOSE SEMICOLON
    (56) smaller -> . SMALLER PAR_OPEN n2 COLON n2 PAR_CLOSE SEMICOLON
    (57) random -> . RANDOM PAR_OPEN n3 PAR_CLOSE SEMICOLON
    (58) mult -> . MULTO PAR_OPEN n3 COLON n2 PAR_CLOSE SEMICOLON
    (59) div -> . DIVO PAR_OPEN n3 COLON n2 PAR_CLOSE SEMICOLON
    (60) sum -> . SUMO PAR_OPEN n3 COLON n2 PAR_CLOSE SEMICOLON

    NUMBER          shift and go to state 99
    ID              shift and go to state 101
    ADDO            shift and go to state 75
    SUBSTR          shift and go to state 76
    EQUAL           shift and go to state 77
    AND             shift and go to state 78
    OR              shift and go to state 79
    GREATER         shift and go to state 80
    SMALLER         shift and go to state 81
    RANDOM          shift and go to state 82
    MULTO           shift and go to state 83
    DIVO            shift and go to state 84
    SUMO            shift and go to state 85

    n2                             shift and go to state 239
    operation                      shift and go to state 100
    add                            shift and go to state 51
    sub                            shift and go to state 52
    equal                          shift and go to state 53
    and                            shift and go to state 54
    or                             shift and go to state 55
    greater                        shift and go to state 56
    smaller                        shift and go to state 57
    random                         shift and go to state 58
    mult                           shift and go to state 59
    div                            shift and go to state 60
    sum                            shift and go to state 61

state 222

    (76) whiles -> WHILE P_OPEN n2 P_CLOSE P_OPEN sentencia_list . P_CLOSE WHEND SEMICOLON
    (74) sentencia_list -> sentencia_list . sentencia
    (6) sentencia -> . operation
    (7) sentencia -> . def
    (8) sentencia -> . put
    (9) sentencia -> . cup
    (10) sentencia -> . cdown
    (11) sentencia -> . cleft
    (12) sentencia -> . cright
    (13) sentencia -> . pos
    (14) sentencia -> . posx
    (15) sentencia -> . posy
    (16) sentencia -> . color
    (17) sentencia -> . down
    (18) sentencia -> . up
    (19) sentencia -> . begining
    (38) operation -> . add
    (39) operation -> . sub
    (40) operation -> . equal
    (41) operation -> . and
    (42) operation -> . or
    (43) operation -> . greater
    (44) operation -> . smaller
    (45) operation -> . random
    (46) operation -> . mult
    (47) operation -> . div
    (48) operation -> . sum
    (37) def -> . DEF PAR_OPEN ID COLON n6 PAR_CLOSE SEMICOLON
    (61) put -> . PUT PAR_OPEN ID COLON n1 PAR_CLOSE SEMICOLON
    (62) cup -> . CUP n2 SEMICOLON
    (63) cdown -> . CDOWN n2 SEMICOLON
    (65) cleft -> . CLEFT n2 SEMICOLON
    (64) cright -> . CRIGHT n2 SEMICOLON
    (66) pos -> . POS PAR_OPEN n2 COLON n2 PAR_CLOSE SEMICOLON
    (67) posx -> . POSX n2 SEMICOLON
    (68) posy -> . POSY n2 SEMICOLON
    (69) color -> . COLOR n2 SEMICOLON
    (70) down -> . DOWN SEMICOLON
    (71) up -> . UP SEMICOLON
    (72) begining -> . BEG SEMICOLON
    (49) add -> . ADDO PAR_OPEN ID PAR_CLOSE SEMICOLON
    (50) add -> . ADDO PAR_OPEN ID COLON n2 PAR_CLOSE SEMICOLON
    (52) sub -> . SUBSTR PAR_OPEN n3 COLON n2 PAR_CLOSE SEMICOLON
    (51) equal -> . EQUAL PAR_OPEN n2 COLON n2 PAR_CLOSE SEMICOLON
    (53) and -> . AND PAR_OPEN n4 COLON n4 PAR_CLOSE SEMICOLON
    (54) or -> . OR PAR_OPEN n4 COLON n4 PAR_CLOSE SEMICOLON
    (55) greater -> . GREATER PAR_OPEN n2 COLON n2 PAR_CLOSE SEMICOLON
    (56) smaller -> . SMALLER PAR_OPEN n2 COLON n2 PAR_CLOSE SEMICOLON
    (57) random -> . RANDOM PAR_OPEN n3 PAR_CLOSE SEMICOLON
    (58) mult -> . MULTO PAR_OPEN n3 COLON n2 PAR_CLOSE SEMICOLON
    (59) div -> . DIVO PAR_OPEN n3 COLON n2 PAR_CLOSE SEMICOLON
    (60) sum -> . SUMO PAR_OPEN n3 COLON n2 PAR_CLOSE SEMICOLON

    P_CLOSE         shift and go to state 240
    DEF             shift and go to state 62
    PUT             shift and go to state 63
    CUP             shift and go to state 64
    CDOWN           shift and go to state 65
    CLEFT           shift and go to state 66
    CRIGHT          shift and go to state 67
    POS             shift and go to state 68
    POSX            shift and go to state 69
    POSY            shift and go to state 70
    COLOR           shift and go to state 71
    DOWN            shift and go to state 72
    UP              shift and go to state 73
    BEG             shift and go to state 74
    ADDO            shift and go to state 75
    SUBSTR          shift and go to state 76
    EQUAL           shift and go to state 77
    AND             shift and go to state 78
    OR              shift and go to state 79
    GREATER         shift and go to state 80
    SMALLER         shift and go to state 81
    RANDOM          shift and go to state 82
    MULTO           shift and go to state 83
    DIVO            shift and go to state 84
    SUMO            shift and go to state 85

    sentencia                      shift and go to state 172
    operation                      shift and go to state 33
    def                            shift and go to state 34
    put                            shift and go to state 35
    cup                            shift and go to state 36
    cdown                          shift and go to state 37
    cleft                          shift and go to state 38
    cright                         shift and go to state 39
    pos                            shift and go to state 40
    posx                           shift and go to state 41
    posy                           shift and go to state 42
    color                          shift and go to state 43
    down                           shift and go to state 44
    up                             shift and go to state 45
    begining                       shift and go to state 46
    add                            shift and go to state 51
    sub                            shift and go to state 52
    equal                          shift and go to state 53
    and                            shift and go to state 54
    or                             shift and go to state 55
    greater                        shift and go to state 56
    smaller                        shift and go to state 57
    random                         shift and go to state 58
    mult                           shift and go to state 59
    div                            shift and go to state 60
    sum                            shift and go to state 61

state 223

    (75) forloops -> FOR ID PAR_OPEN NUMBER TO NUMBER . PAR_CLOSE LOOP P_OPEN sentencia_list P_CLOSE END LOOP SEMICOLON

    PAR_CLOSE       shift and go to state 241


state 224

    (37) def -> DEF PAR_OPEN ID COLON n6 PAR_CLOSE . SEMICOLON

    SEMICOLON       shift and go to state 242


state 225

    (61) put -> PUT PAR_OPEN ID COLON n1 PAR_CLOSE . SEMICOLON

    SEMICOLON       shift and go to state 243


state 226

    (66) pos -> POS PAR_OPEN n2 COLON n2 PAR_CLOSE . SEMICOLON

    SEMICOLON       shift and go to state 244


state 227

    (50) add -> ADDO PAR_OPEN ID COLON n2 PAR_CLOSE . SEMICOLON

    SEMICOLON       shift and go to state 245


state 228

    (52) sub -> SUBSTR PAR_OPEN n3 COLON n2 PAR_CLOSE . SEMICOLON

    SEMICOLON       shift and go to state 246


state 229

    (51) equal -> EQUAL PAR_OPEN n2 COLON n2 PAR_CLOSE . SEMICOLON

    SEMICOLON       shift and go to state 247


state 230

    (53) and -> AND PAR_OPEN n4 COLON n4 PAR_CLOSE . SEMICOLON

    SEMICOLON       shift and go to state 248


state 231

    (54) or -> OR PAR_OPEN n4 COLON n4 PAR_CLOSE . SEMICOLON

    SEMICOLON       shift and go to state 249


state 232

    (55) greater -> GREATER PAR_OPEN n2 COLON n2 PAR_CLOSE . SEMICOLON

    SEMICOLON       shift and go to state 250


state 233

    (56) smaller -> SMALLER PAR_OPEN n2 COLON n2 PAR_CLOSE . SEMICOLON

    SEMICOLON       shift and go to state 251


state 234

    (58) mult -> MULTO PAR_OPEN n3 COLON n2 PAR_CLOSE . SEMICOLON

    SEMICOLON       shift and go to state 252


state 235

    (59) div -> DIVO PAR_OPEN n3 COLON n2 PAR_CLOSE . SEMICOLON

    SEMICOLON       shift and go to state 253


state 236

    (60) sum -> SUMO PAR_OPEN n3 COLON n2 PAR_CLOSE . SEMICOLON

    SEMICOLON       shift and go to state 254


state 237

    (82) case -> CASE ID caseaux_list ELSE P_OPEN sentencia_list P_CLOSE . END CASE SEMICOLON

    END             shift and go to state 255


state 238

    (78) caseaux -> WHEN n6 THEN P_OPEN sentencia_list . P_CLOSE SEMICOLON
    (74) sentencia_list -> sentencia_list . sentencia
    (6) sentencia -> . operation
    (7) sentencia -> . def
    (8) sentencia -> . put
    (9) sentencia -> . cup
    (10) sentencia -> . cdown
    (11) sentencia -> . cleft
    (12) sentencia -> . cright
    (13) sentencia -> . pos
    (14) sentencia -> . posx
    (15) sentencia -> . posy
    (16) sentencia -> . color
    (17) sentencia -> . down
    (18) sentencia -> . up
    (19) sentencia -> . begining
    (38) operation -> . add
    (39) operation -> . sub
    (40) operation -> . equal
    (41) operation -> . and
    (42) operation -> . or
    (43) operation -> . greater
    (44) operation -> . smaller
    (45) operation -> . random
    (46) operation -> . mult
    (47) operation -> . div
    (48) operation -> . sum
    (37) def -> . DEF PAR_OPEN ID COLON n6 PAR_CLOSE SEMICOLON
    (61) put -> . PUT PAR_OPEN ID COLON n1 PAR_CLOSE SEMICOLON
    (62) cup -> . CUP n2 SEMICOLON
    (63) cdown -> . CDOWN n2 SEMICOLON
    (65) cleft -> . CLEFT n2 SEMICOLON
    (64) cright -> . CRIGHT n2 SEMICOLON
    (66) pos -> . POS PAR_OPEN n2 COLON n2 PAR_CLOSE SEMICOLON
    (67) posx -> . POSX n2 SEMICOLON
    (68) posy -> . POSY n2 SEMICOLON
    (69) color -> . COLOR n2 SEMICOLON
    (70) down -> . DOWN SEMICOLON
    (71) up -> . UP SEMICOLON
    (72) begining -> . BEG SEMICOLON
    (49) add -> . ADDO PAR_OPEN ID PAR_CLOSE SEMICOLON
    (50) add -> . ADDO PAR_OPEN ID COLON n2 PAR_CLOSE SEMICOLON
    (52) sub -> . SUBSTR PAR_OPEN n3 COLON n2 PAR_CLOSE SEMICOLON
    (51) equal -> . EQUAL PAR_OPEN n2 COLON n2 PAR_CLOSE SEMICOLON
    (53) and -> . AND PAR_OPEN n4 COLON n4 PAR_CLOSE SEMICOLON
    (54) or -> . OR PAR_OPEN n4 COLON n4 PAR_CLOSE SEMICOLON
    (55) greater -> . GREATER PAR_OPEN n2 COLON n2 PAR_CLOSE SEMICOLON
    (56) smaller -> . SMALLER PAR_OPEN n2 COLON n2 PAR_CLOSE SEMICOLON
    (57) random -> . RANDOM PAR_OPEN n3 PAR_CLOSE SEMICOLON
    (58) mult -> . MULTO PAR_OPEN n3 COLON n2 PAR_CLOSE SEMICOLON
    (59) div -> . DIVO PAR_OPEN n3 COLON n2 PAR_CLOSE SEMICOLON
    (60) sum -> . SUMO PAR_OPEN n3 COLON n2 PAR_CLOSE SEMICOLON

    P_CLOSE         shift and go to state 256
    DEF             shift and go to state 62
    PUT             shift and go to state 63
    CUP             shift and go to state 64
    CDOWN           shift and go to state 65
    CLEFT           shift and go to state 66
    CRIGHT          shift and go to state 67
    POS             shift and go to state 68
    POSX            shift and go to state 69
    POSY            shift and go to state 70
    COLOR           shift and go to state 71
    DOWN            shift and go to state 72
    UP              shift and go to state 73
    BEG             shift and go to state 74
    ADDO            shift and go to state 75
    SUBSTR          shift and go to state 76
    EQUAL           shift and go to state 77
    AND             shift and go to state 78
    OR              shift and go to state 79
    GREATER         shift and go to state 80
    SMALLER         shift and go to state 81
    RANDOM          shift and go to state 82
    MULTO           shift and go to state 83
    DIVO            shift and go to state 84
    SUMO            shift and go to state 85

    sentencia                      shift and go to state 172
    operation                      shift and go to state 33
    def                            shift and go to state 34
    put                            shift and go to state 35
    cup                            shift and go to state 36
    cdown                          shift and go to state 37
    cleft                          shift and go to state 38
    cright                         shift and go to state 39
    pos                            shift and go to state 40
    posx                           shift and go to state 41
    posy                           shift and go to state 42
    color                          shift and go to state 43
    down                           shift and go to state 44
    up                             shift and go to state 45
    begining                       shift and go to state 46
    add                            shift and go to state 51
    sub                            shift and go to state 52
    equal                          shift and go to state 53
    and                            shift and go to state 54
    or                             shift and go to state 55
    greater                        shift and go to state 56
    smaller                        shift and go to state 57
    random                         shift and go to state 58
    mult                           shift and go to state 59
    div                            shift and go to state 60
    sum                            shift and go to state 61

state 239

    (77) repeat -> REPEAT P_OPEN sentencia_list P_CLOSE UNTIL P_OPEN n2 . P_CLOSE SEMICOLON

    P_CLOSE         shift and go to state 257


state 240

    (76) whiles -> WHILE P_OPEN n2 P_CLOSE P_OPEN sentencia_list P_CLOSE . WHEND SEMICOLON

    WHEND           shift and go to state 258


state 241

    (75) forloops -> FOR ID PAR_OPEN NUMBER TO NUMBER PAR_CLOSE . LOOP P_OPEN sentencia_list P_CLOSE END LOOP SEMICOLON

    LOOP            shift and go to state 259


state 242

    (37) def -> DEF PAR_OPEN ID COLON n6 PAR_CLOSE SEMICOLON .

    P_CLOSE         reduce using rule 37 (def -> DEF PAR_OPEN ID COLON n6 PAR_CLOSE SEMICOLON .)
    CASE            reduce using rule 37 (def -> DEF PAR_OPEN ID COLON n6 PAR_CLOSE SEMICOLON .)
    REPEAT          reduce using rule 37 (def -> DEF PAR_OPEN ID COLON n6 PAR_CLOSE SEMICOLON .)
    WHILE           reduce using rule 37 (def -> DEF PAR_OPEN ID COLON n6 PAR_CLOSE SEMICOLON .)
    FOR             reduce using rule 37 (def -> DEF PAR_OPEN ID COLON n6 PAR_CLOSE SEMICOLON .)
    DEF             reduce using rule 37 (def -> DEF PAR_OPEN ID COLON n6 PAR_CLOSE SEMICOLON .)
    PUT             reduce using rule 37 (def -> DEF PAR_OPEN ID COLON n6 PAR_CLOSE SEMICOLON .)
    CUP             reduce using rule 37 (def -> DEF PAR_OPEN ID COLON n6 PAR_CLOSE SEMICOLON .)
    CDOWN           reduce using rule 37 (def -> DEF PAR_OPEN ID COLON n6 PAR_CLOSE SEMICOLON .)
    CLEFT           reduce using rule 37 (def -> DEF PAR_OPEN ID COLON n6 PAR_CLOSE SEMICOLON .)
    CRIGHT          reduce using rule 37 (def -> DEF PAR_OPEN ID COLON n6 PAR_CLOSE SEMICOLON .)
    POS             reduce using rule 37 (def -> DEF PAR_OPEN ID COLON n6 PAR_CLOSE SEMICOLON .)
    POSX            reduce using rule 37 (def -> DEF PAR_OPEN ID COLON n6 PAR_CLOSE SEMICOLON .)
    POSY            reduce using rule 37 (def -> DEF PAR_OPEN ID COLON n6 PAR_CLOSE SEMICOLON .)
    COLOR           reduce using rule 37 (def -> DEF PAR_OPEN ID COLON n6 PAR_CLOSE SEMICOLON .)
    DOWN            reduce using rule 37 (def -> DEF PAR_OPEN ID COLON n6 PAR_CLOSE SEMICOLON .)
    UP              reduce using rule 37 (def -> DEF PAR_OPEN ID COLON n6 PAR_CLOSE SEMICOLON .)
    BEG             reduce using rule 37 (def -> DEF PAR_OPEN ID COLON n6 PAR_CLOSE SEMICOLON .)
    ADDO            reduce using rule 37 (def -> DEF PAR_OPEN ID COLON n6 PAR_CLOSE SEMICOLON .)
    SUBSTR          reduce using rule 37 (def -> DEF PAR_OPEN ID COLON n6 PAR_CLOSE SEMICOLON .)
    EQUAL           reduce using rule 37 (def -> DEF PAR_OPEN ID COLON n6 PAR_CLOSE SEMICOLON .)
    AND             reduce using rule 37 (def -> DEF PAR_OPEN ID COLON n6 PAR_CLOSE SEMICOLON .)
    OR              reduce using rule 37 (def -> DEF PAR_OPEN ID COLON n6 PAR_CLOSE SEMICOLON .)
    GREATER         reduce using rule 37 (def -> DEF PAR_OPEN ID COLON n6 PAR_CLOSE SEMICOLON .)
    SMALLER         reduce using rule 37 (def -> DEF PAR_OPEN ID COLON n6 PAR_CLOSE SEMICOLON .)
    RANDOM          reduce using rule 37 (def -> DEF PAR_OPEN ID COLON n6 PAR_CLOSE SEMICOLON .)
    MULTO           reduce using rule 37 (def -> DEF PAR_OPEN ID COLON n6 PAR_CLOSE SEMICOLON .)
    DIVO            reduce using rule 37 (def -> DEF PAR_OPEN ID COLON n6 PAR_CLOSE SEMICOLON .)
    SUMO            reduce using rule 37 (def -> DEF PAR_OPEN ID COLON n6 PAR_CLOSE SEMICOLON .)


state 243

    (61) put -> PUT PAR_OPEN ID COLON n1 PAR_CLOSE SEMICOLON .

    P_CLOSE         reduce using rule 61 (put -> PUT PAR_OPEN ID COLON n1 PAR_CLOSE SEMICOLON .)
    CASE            reduce using rule 61 (put -> PUT PAR_OPEN ID COLON n1 PAR_CLOSE SEMICOLON .)
    REPEAT          reduce using rule 61 (put -> PUT PAR_OPEN ID COLON n1 PAR_CLOSE SEMICOLON .)
    WHILE           reduce using rule 61 (put -> PUT PAR_OPEN ID COLON n1 PAR_CLOSE SEMICOLON .)
    FOR             reduce using rule 61 (put -> PUT PAR_OPEN ID COLON n1 PAR_CLOSE SEMICOLON .)
    DEF             reduce using rule 61 (put -> PUT PAR_OPEN ID COLON n1 PAR_CLOSE SEMICOLON .)
    PUT             reduce using rule 61 (put -> PUT PAR_OPEN ID COLON n1 PAR_CLOSE SEMICOLON .)
    CUP             reduce using rule 61 (put -> PUT PAR_OPEN ID COLON n1 PAR_CLOSE SEMICOLON .)
    CDOWN           reduce using rule 61 (put -> PUT PAR_OPEN ID COLON n1 PAR_CLOSE SEMICOLON .)
    CLEFT           reduce using rule 61 (put -> PUT PAR_OPEN ID COLON n1 PAR_CLOSE SEMICOLON .)
    CRIGHT          reduce using rule 61 (put -> PUT PAR_OPEN ID COLON n1 PAR_CLOSE SEMICOLON .)
    POS             reduce using rule 61 (put -> PUT PAR_OPEN ID COLON n1 PAR_CLOSE SEMICOLON .)
    POSX            reduce using rule 61 (put -> PUT PAR_OPEN ID COLON n1 PAR_CLOSE SEMICOLON .)
    POSY            reduce using rule 61 (put -> PUT PAR_OPEN ID COLON n1 PAR_CLOSE SEMICOLON .)
    COLOR           reduce using rule 61 (put -> PUT PAR_OPEN ID COLON n1 PAR_CLOSE SEMICOLON .)
    DOWN            reduce using rule 61 (put -> PUT PAR_OPEN ID COLON n1 PAR_CLOSE SEMICOLON .)
    UP              reduce using rule 61 (put -> PUT PAR_OPEN ID COLON n1 PAR_CLOSE SEMICOLON .)
    BEG             reduce using rule 61 (put -> PUT PAR_OPEN ID COLON n1 PAR_CLOSE SEMICOLON .)
    ADDO            reduce using rule 61 (put -> PUT PAR_OPEN ID COLON n1 PAR_CLOSE SEMICOLON .)
    SUBSTR          reduce using rule 61 (put -> PUT PAR_OPEN ID COLON n1 PAR_CLOSE SEMICOLON .)
    EQUAL           reduce using rule 61 (put -> PUT PAR_OPEN ID COLON n1 PAR_CLOSE SEMICOLON .)
    AND             reduce using rule 61 (put -> PUT PAR_OPEN ID COLON n1 PAR_CLOSE SEMICOLON .)
    OR              reduce using rule 61 (put -> PUT PAR_OPEN ID COLON n1 PAR_CLOSE SEMICOLON .)
    GREATER         reduce using rule 61 (put -> PUT PAR_OPEN ID COLON n1 PAR_CLOSE SEMICOLON .)
    SMALLER         reduce using rule 61 (put -> PUT PAR_OPEN ID COLON n1 PAR_CLOSE SEMICOLON .)
    RANDOM          reduce using rule 61 (put -> PUT PAR_OPEN ID COLON n1 PAR_CLOSE SEMICOLON .)
    MULTO           reduce using rule 61 (put -> PUT PAR_OPEN ID COLON n1 PAR_CLOSE SEMICOLON .)
    DIVO            reduce using rule 61 (put -> PUT PAR_OPEN ID COLON n1 PAR_CLOSE SEMICOLON .)
    SUMO            reduce using rule 61 (put -> PUT PAR_OPEN ID COLON n1 PAR_CLOSE SEMICOLON .)


state 244

    (66) pos -> POS PAR_OPEN n2 COLON n2 PAR_CLOSE SEMICOLON .

    P_CLOSE         reduce using rule 66 (pos -> POS PAR_OPEN n2 COLON n2 PAR_CLOSE SEMICOLON .)
    CASE            reduce using rule 66 (pos -> POS PAR_OPEN n2 COLON n2 PAR_CLOSE SEMICOLON .)
    REPEAT          reduce using rule 66 (pos -> POS PAR_OPEN n2 COLON n2 PAR_CLOSE SEMICOLON .)
    WHILE           reduce using rule 66 (pos -> POS PAR_OPEN n2 COLON n2 PAR_CLOSE SEMICOLON .)
    FOR             reduce using rule 66 (pos -> POS PAR_OPEN n2 COLON n2 PAR_CLOSE SEMICOLON .)
    DEF             reduce using rule 66 (pos -> POS PAR_OPEN n2 COLON n2 PAR_CLOSE SEMICOLON .)
    PUT             reduce using rule 66 (pos -> POS PAR_OPEN n2 COLON n2 PAR_CLOSE SEMICOLON .)
    CUP             reduce using rule 66 (pos -> POS PAR_OPEN n2 COLON n2 PAR_CLOSE SEMICOLON .)
    CDOWN           reduce using rule 66 (pos -> POS PAR_OPEN n2 COLON n2 PAR_CLOSE SEMICOLON .)
    CLEFT           reduce using rule 66 (pos -> POS PAR_OPEN n2 COLON n2 PAR_CLOSE SEMICOLON .)
    CRIGHT          reduce using rule 66 (pos -> POS PAR_OPEN n2 COLON n2 PAR_CLOSE SEMICOLON .)
    POS             reduce using rule 66 (pos -> POS PAR_OPEN n2 COLON n2 PAR_CLOSE SEMICOLON .)
    POSX            reduce using rule 66 (pos -> POS PAR_OPEN n2 COLON n2 PAR_CLOSE SEMICOLON .)
    POSY            reduce using rule 66 (pos -> POS PAR_OPEN n2 COLON n2 PAR_CLOSE SEMICOLON .)
    COLOR           reduce using rule 66 (pos -> POS PAR_OPEN n2 COLON n2 PAR_CLOSE SEMICOLON .)
    DOWN            reduce using rule 66 (pos -> POS PAR_OPEN n2 COLON n2 PAR_CLOSE SEMICOLON .)
    UP              reduce using rule 66 (pos -> POS PAR_OPEN n2 COLON n2 PAR_CLOSE SEMICOLON .)
    BEG             reduce using rule 66 (pos -> POS PAR_OPEN n2 COLON n2 PAR_CLOSE SEMICOLON .)
    ADDO            reduce using rule 66 (pos -> POS PAR_OPEN n2 COLON n2 PAR_CLOSE SEMICOLON .)
    SUBSTR          reduce using rule 66 (pos -> POS PAR_OPEN n2 COLON n2 PAR_CLOSE SEMICOLON .)
    EQUAL           reduce using rule 66 (pos -> POS PAR_OPEN n2 COLON n2 PAR_CLOSE SEMICOLON .)
    AND             reduce using rule 66 (pos -> POS PAR_OPEN n2 COLON n2 PAR_CLOSE SEMICOLON .)
    OR              reduce using rule 66 (pos -> POS PAR_OPEN n2 COLON n2 PAR_CLOSE SEMICOLON .)
    GREATER         reduce using rule 66 (pos -> POS PAR_OPEN n2 COLON n2 PAR_CLOSE SEMICOLON .)
    SMALLER         reduce using rule 66 (pos -> POS PAR_OPEN n2 COLON n2 PAR_CLOSE SEMICOLON .)
    RANDOM          reduce using rule 66 (pos -> POS PAR_OPEN n2 COLON n2 PAR_CLOSE SEMICOLON .)
    MULTO           reduce using rule 66 (pos -> POS PAR_OPEN n2 COLON n2 PAR_CLOSE SEMICOLON .)
    DIVO            reduce using rule 66 (pos -> POS PAR_OPEN n2 COLON n2 PAR_CLOSE SEMICOLON .)
    SUMO            reduce using rule 66 (pos -> POS PAR_OPEN n2 COLON n2 PAR_CLOSE SEMICOLON .)


state 245

    (50) add -> ADDO PAR_OPEN ID COLON n2 PAR_CLOSE SEMICOLON .

    P_CLOSE         reduce using rule 50 (add -> ADDO PAR_OPEN ID COLON n2 PAR_CLOSE SEMICOLON .)
    CASE            reduce using rule 50 (add -> ADDO PAR_OPEN ID COLON n2 PAR_CLOSE SEMICOLON .)
    REPEAT          reduce using rule 50 (add -> ADDO PAR_OPEN ID COLON n2 PAR_CLOSE SEMICOLON .)
    WHILE           reduce using rule 50 (add -> ADDO PAR_OPEN ID COLON n2 PAR_CLOSE SEMICOLON .)
    FOR             reduce using rule 50 (add -> ADDO PAR_OPEN ID COLON n2 PAR_CLOSE SEMICOLON .)
    DEF             reduce using rule 50 (add -> ADDO PAR_OPEN ID COLON n2 PAR_CLOSE SEMICOLON .)
    PUT             reduce using rule 50 (add -> ADDO PAR_OPEN ID COLON n2 PAR_CLOSE SEMICOLON .)
    CUP             reduce using rule 50 (add -> ADDO PAR_OPEN ID COLON n2 PAR_CLOSE SEMICOLON .)
    CDOWN           reduce using rule 50 (add -> ADDO PAR_OPEN ID COLON n2 PAR_CLOSE SEMICOLON .)
    CLEFT           reduce using rule 50 (add -> ADDO PAR_OPEN ID COLON n2 PAR_CLOSE SEMICOLON .)
    CRIGHT          reduce using rule 50 (add -> ADDO PAR_OPEN ID COLON n2 PAR_CLOSE SEMICOLON .)
    POS             reduce using rule 50 (add -> ADDO PAR_OPEN ID COLON n2 PAR_CLOSE SEMICOLON .)
    POSX            reduce using rule 50 (add -> ADDO PAR_OPEN ID COLON n2 PAR_CLOSE SEMICOLON .)
    POSY            reduce using rule 50 (add -> ADDO PAR_OPEN ID COLON n2 PAR_CLOSE SEMICOLON .)
    COLOR           reduce using rule 50 (add -> ADDO PAR_OPEN ID COLON n2 PAR_CLOSE SEMICOLON .)
    DOWN            reduce using rule 50 (add -> ADDO PAR_OPEN ID COLON n2 PAR_CLOSE SEMICOLON .)
    UP              reduce using rule 50 (add -> ADDO PAR_OPEN ID COLON n2 PAR_CLOSE SEMICOLON .)
    BEG             reduce using rule 50 (add -> ADDO PAR_OPEN ID COLON n2 PAR_CLOSE SEMICOLON .)
    ADDO            reduce using rule 50 (add -> ADDO PAR_OPEN ID COLON n2 PAR_CLOSE SEMICOLON .)
    SUBSTR          reduce using rule 50 (add -> ADDO PAR_OPEN ID COLON n2 PAR_CLOSE SEMICOLON .)
    EQUAL           reduce using rule 50 (add -> ADDO PAR_OPEN ID COLON n2 PAR_CLOSE SEMICOLON .)
    AND             reduce using rule 50 (add -> ADDO PAR_OPEN ID COLON n2 PAR_CLOSE SEMICOLON .)
    OR              reduce using rule 50 (add -> ADDO PAR_OPEN ID COLON n2 PAR_CLOSE SEMICOLON .)
    GREATER         reduce using rule 50 (add -> ADDO PAR_OPEN ID COLON n2 PAR_CLOSE SEMICOLON .)
    SMALLER         reduce using rule 50 (add -> ADDO PAR_OPEN ID COLON n2 PAR_CLOSE SEMICOLON .)
    RANDOM          reduce using rule 50 (add -> ADDO PAR_OPEN ID COLON n2 PAR_CLOSE SEMICOLON .)
    MULTO           reduce using rule 50 (add -> ADDO PAR_OPEN ID COLON n2 PAR_CLOSE SEMICOLON .)
    DIVO            reduce using rule 50 (add -> ADDO PAR_OPEN ID COLON n2 PAR_CLOSE SEMICOLON .)
    SUMO            reduce using rule 50 (add -> ADDO PAR_OPEN ID COLON n2 PAR_CLOSE SEMICOLON .)
    SEMICOLON       reduce using rule 50 (add -> ADDO PAR_OPEN ID COLON n2 PAR_CLOSE SEMICOLON .)
    COLON           reduce using rule 50 (add -> ADDO PAR_OPEN ID COLON n2 PAR_CLOSE SEMICOLON .)
    PAR_CLOSE       reduce using rule 50 (add -> ADDO PAR_OPEN ID COLON n2 PAR_CLOSE SEMICOLON .)


state 246

    (52) sub -> SUBSTR PAR_OPEN n3 COLON n2 PAR_CLOSE SEMICOLON .

    P_CLOSE         reduce using rule 52 (sub -> SUBSTR PAR_OPEN n3 COLON n2 PAR_CLOSE SEMICOLON .)
    CASE            reduce using rule 52 (sub -> SUBSTR PAR_OPEN n3 COLON n2 PAR_CLOSE SEMICOLON .)
    REPEAT          reduce using rule 52 (sub -> SUBSTR PAR_OPEN n3 COLON n2 PAR_CLOSE SEMICOLON .)
    WHILE           reduce using rule 52 (sub -> SUBSTR PAR_OPEN n3 COLON n2 PAR_CLOSE SEMICOLON .)
    FOR             reduce using rule 52 (sub -> SUBSTR PAR_OPEN n3 COLON n2 PAR_CLOSE SEMICOLON .)
    DEF             reduce using rule 52 (sub -> SUBSTR PAR_OPEN n3 COLON n2 PAR_CLOSE SEMICOLON .)
    PUT             reduce using rule 52 (sub -> SUBSTR PAR_OPEN n3 COLON n2 PAR_CLOSE SEMICOLON .)
    CUP             reduce using rule 52 (sub -> SUBSTR PAR_OPEN n3 COLON n2 PAR_CLOSE SEMICOLON .)
    CDOWN           reduce using rule 52 (sub -> SUBSTR PAR_OPEN n3 COLON n2 PAR_CLOSE SEMICOLON .)
    CLEFT           reduce using rule 52 (sub -> SUBSTR PAR_OPEN n3 COLON n2 PAR_CLOSE SEMICOLON .)
    CRIGHT          reduce using rule 52 (sub -> SUBSTR PAR_OPEN n3 COLON n2 PAR_CLOSE SEMICOLON .)
    POS             reduce using rule 52 (sub -> SUBSTR PAR_OPEN n3 COLON n2 PAR_CLOSE SEMICOLON .)
    POSX            reduce using rule 52 (sub -> SUBSTR PAR_OPEN n3 COLON n2 PAR_CLOSE SEMICOLON .)
    POSY            reduce using rule 52 (sub -> SUBSTR PAR_OPEN n3 COLON n2 PAR_CLOSE SEMICOLON .)
    COLOR           reduce using rule 52 (sub -> SUBSTR PAR_OPEN n3 COLON n2 PAR_CLOSE SEMICOLON .)
    DOWN            reduce using rule 52 (sub -> SUBSTR PAR_OPEN n3 COLON n2 PAR_CLOSE SEMICOLON .)
    UP              reduce using rule 52 (sub -> SUBSTR PAR_OPEN n3 COLON n2 PAR_CLOSE SEMICOLON .)
    BEG             reduce using rule 52 (sub -> SUBSTR PAR_OPEN n3 COLON n2 PAR_CLOSE SEMICOLON .)
    ADDO            reduce using rule 52 (sub -> SUBSTR PAR_OPEN n3 COLON n2 PAR_CLOSE SEMICOLON .)
    SUBSTR          reduce using rule 52 (sub -> SUBSTR PAR_OPEN n3 COLON n2 PAR_CLOSE SEMICOLON .)
    EQUAL           reduce using rule 52 (sub -> SUBSTR PAR_OPEN n3 COLON n2 PAR_CLOSE SEMICOLON .)
    AND             reduce using rule 52 (sub -> SUBSTR PAR_OPEN n3 COLON n2 PAR_CLOSE SEMICOLON .)
    OR              reduce using rule 52 (sub -> SUBSTR PAR_OPEN n3 COLON n2 PAR_CLOSE SEMICOLON .)
    GREATER         reduce using rule 52 (sub -> SUBSTR PAR_OPEN n3 COLON n2 PAR_CLOSE SEMICOLON .)
    SMALLER         reduce using rule 52 (sub -> SUBSTR PAR_OPEN n3 COLON n2 PAR_CLOSE SEMICOLON .)
    RANDOM          reduce using rule 52 (sub -> SUBSTR PAR_OPEN n3 COLON n2 PAR_CLOSE SEMICOLON .)
    MULTO           reduce using rule 52 (sub -> SUBSTR PAR_OPEN n3 COLON n2 PAR_CLOSE SEMICOLON .)
    DIVO            reduce using rule 52 (sub -> SUBSTR PAR_OPEN n3 COLON n2 PAR_CLOSE SEMICOLON .)
    SUMO            reduce using rule 52 (sub -> SUBSTR PAR_OPEN n3 COLON n2 PAR_CLOSE SEMICOLON .)
    SEMICOLON       reduce using rule 52 (sub -> SUBSTR PAR_OPEN n3 COLON n2 PAR_CLOSE SEMICOLON .)
    COLON           reduce using rule 52 (sub -> SUBSTR PAR_OPEN n3 COLON n2 PAR_CLOSE SEMICOLON .)
    PAR_CLOSE       reduce using rule 52 (sub -> SUBSTR PAR_OPEN n3 COLON n2 PAR_CLOSE SEMICOLON .)


state 247

    (51) equal -> EQUAL PAR_OPEN n2 COLON n2 PAR_CLOSE SEMICOLON .

    P_CLOSE         reduce using rule 51 (equal -> EQUAL PAR_OPEN n2 COLON n2 PAR_CLOSE SEMICOLON .)
    CASE            reduce using rule 51 (equal -> EQUAL PAR_OPEN n2 COLON n2 PAR_CLOSE SEMICOLON .)
    REPEAT          reduce using rule 51 (equal -> EQUAL PAR_OPEN n2 COLON n2 PAR_CLOSE SEMICOLON .)
    WHILE           reduce using rule 51 (equal -> EQUAL PAR_OPEN n2 COLON n2 PAR_CLOSE SEMICOLON .)
    FOR             reduce using rule 51 (equal -> EQUAL PAR_OPEN n2 COLON n2 PAR_CLOSE SEMICOLON .)
    DEF             reduce using rule 51 (equal -> EQUAL PAR_OPEN n2 COLON n2 PAR_CLOSE SEMICOLON .)
    PUT             reduce using rule 51 (equal -> EQUAL PAR_OPEN n2 COLON n2 PAR_CLOSE SEMICOLON .)
    CUP             reduce using rule 51 (equal -> EQUAL PAR_OPEN n2 COLON n2 PAR_CLOSE SEMICOLON .)
    CDOWN           reduce using rule 51 (equal -> EQUAL PAR_OPEN n2 COLON n2 PAR_CLOSE SEMICOLON .)
    CLEFT           reduce using rule 51 (equal -> EQUAL PAR_OPEN n2 COLON n2 PAR_CLOSE SEMICOLON .)
    CRIGHT          reduce using rule 51 (equal -> EQUAL PAR_OPEN n2 COLON n2 PAR_CLOSE SEMICOLON .)
    POS             reduce using rule 51 (equal -> EQUAL PAR_OPEN n2 COLON n2 PAR_CLOSE SEMICOLON .)
    POSX            reduce using rule 51 (equal -> EQUAL PAR_OPEN n2 COLON n2 PAR_CLOSE SEMICOLON .)
    POSY            reduce using rule 51 (equal -> EQUAL PAR_OPEN n2 COLON n2 PAR_CLOSE SEMICOLON .)
    COLOR           reduce using rule 51 (equal -> EQUAL PAR_OPEN n2 COLON n2 PAR_CLOSE SEMICOLON .)
    DOWN            reduce using rule 51 (equal -> EQUAL PAR_OPEN n2 COLON n2 PAR_CLOSE SEMICOLON .)
    UP              reduce using rule 51 (equal -> EQUAL PAR_OPEN n2 COLON n2 PAR_CLOSE SEMICOLON .)
    BEG             reduce using rule 51 (equal -> EQUAL PAR_OPEN n2 COLON n2 PAR_CLOSE SEMICOLON .)
    ADDO            reduce using rule 51 (equal -> EQUAL PAR_OPEN n2 COLON n2 PAR_CLOSE SEMICOLON .)
    SUBSTR          reduce using rule 51 (equal -> EQUAL PAR_OPEN n2 COLON n2 PAR_CLOSE SEMICOLON .)
    EQUAL           reduce using rule 51 (equal -> EQUAL PAR_OPEN n2 COLON n2 PAR_CLOSE SEMICOLON .)
    AND             reduce using rule 51 (equal -> EQUAL PAR_OPEN n2 COLON n2 PAR_CLOSE SEMICOLON .)
    OR              reduce using rule 51 (equal -> EQUAL PAR_OPEN n2 COLON n2 PAR_CLOSE SEMICOLON .)
    GREATER         reduce using rule 51 (equal -> EQUAL PAR_OPEN n2 COLON n2 PAR_CLOSE SEMICOLON .)
    SMALLER         reduce using rule 51 (equal -> EQUAL PAR_OPEN n2 COLON n2 PAR_CLOSE SEMICOLON .)
    RANDOM          reduce using rule 51 (equal -> EQUAL PAR_OPEN n2 COLON n2 PAR_CLOSE SEMICOLON .)
    MULTO           reduce using rule 51 (equal -> EQUAL PAR_OPEN n2 COLON n2 PAR_CLOSE SEMICOLON .)
    DIVO            reduce using rule 51 (equal -> EQUAL PAR_OPEN n2 COLON n2 PAR_CLOSE SEMICOLON .)
    SUMO            reduce using rule 51 (equal -> EQUAL PAR_OPEN n2 COLON n2 PAR_CLOSE SEMICOLON .)
    SEMICOLON       reduce using rule 51 (equal -> EQUAL PAR_OPEN n2 COLON n2 PAR_CLOSE SEMICOLON .)
    COLON           reduce using rule 51 (equal -> EQUAL PAR_OPEN n2 COLON n2 PAR_CLOSE SEMICOLON .)
    PAR_CLOSE       reduce using rule 51 (equal -> EQUAL PAR_OPEN n2 COLON n2 PAR_CLOSE SEMICOLON .)


state 248

    (53) and -> AND PAR_OPEN n4 COLON n4 PAR_CLOSE SEMICOLON .

    P_CLOSE         reduce using rule 53 (and -> AND PAR_OPEN n4 COLON n4 PAR_CLOSE SEMICOLON .)
    CASE            reduce using rule 53 (and -> AND PAR_OPEN n4 COLON n4 PAR_CLOSE SEMICOLON .)
    REPEAT          reduce using rule 53 (and -> AND PAR_OPEN n4 COLON n4 PAR_CLOSE SEMICOLON .)
    WHILE           reduce using rule 53 (and -> AND PAR_OPEN n4 COLON n4 PAR_CLOSE SEMICOLON .)
    FOR             reduce using rule 53 (and -> AND PAR_OPEN n4 COLON n4 PAR_CLOSE SEMICOLON .)
    DEF             reduce using rule 53 (and -> AND PAR_OPEN n4 COLON n4 PAR_CLOSE SEMICOLON .)
    PUT             reduce using rule 53 (and -> AND PAR_OPEN n4 COLON n4 PAR_CLOSE SEMICOLON .)
    CUP             reduce using rule 53 (and -> AND PAR_OPEN n4 COLON n4 PAR_CLOSE SEMICOLON .)
    CDOWN           reduce using rule 53 (and -> AND PAR_OPEN n4 COLON n4 PAR_CLOSE SEMICOLON .)
    CLEFT           reduce using rule 53 (and -> AND PAR_OPEN n4 COLON n4 PAR_CLOSE SEMICOLON .)
    CRIGHT          reduce using rule 53 (and -> AND PAR_OPEN n4 COLON n4 PAR_CLOSE SEMICOLON .)
    POS             reduce using rule 53 (and -> AND PAR_OPEN n4 COLON n4 PAR_CLOSE SEMICOLON .)
    POSX            reduce using rule 53 (and -> AND PAR_OPEN n4 COLON n4 PAR_CLOSE SEMICOLON .)
    POSY            reduce using rule 53 (and -> AND PAR_OPEN n4 COLON n4 PAR_CLOSE SEMICOLON .)
    COLOR           reduce using rule 53 (and -> AND PAR_OPEN n4 COLON n4 PAR_CLOSE SEMICOLON .)
    DOWN            reduce using rule 53 (and -> AND PAR_OPEN n4 COLON n4 PAR_CLOSE SEMICOLON .)
    UP              reduce using rule 53 (and -> AND PAR_OPEN n4 COLON n4 PAR_CLOSE SEMICOLON .)
    BEG             reduce using rule 53 (and -> AND PAR_OPEN n4 COLON n4 PAR_CLOSE SEMICOLON .)
    ADDO            reduce using rule 53 (and -> AND PAR_OPEN n4 COLON n4 PAR_CLOSE SEMICOLON .)
    SUBSTR          reduce using rule 53 (and -> AND PAR_OPEN n4 COLON n4 PAR_CLOSE SEMICOLON .)
    EQUAL           reduce using rule 53 (and -> AND PAR_OPEN n4 COLON n4 PAR_CLOSE SEMICOLON .)
    AND             reduce using rule 53 (and -> AND PAR_OPEN n4 COLON n4 PAR_CLOSE SEMICOLON .)
    OR              reduce using rule 53 (and -> AND PAR_OPEN n4 COLON n4 PAR_CLOSE SEMICOLON .)
    GREATER         reduce using rule 53 (and -> AND PAR_OPEN n4 COLON n4 PAR_CLOSE SEMICOLON .)
    SMALLER         reduce using rule 53 (and -> AND PAR_OPEN n4 COLON n4 PAR_CLOSE SEMICOLON .)
    RANDOM          reduce using rule 53 (and -> AND PAR_OPEN n4 COLON n4 PAR_CLOSE SEMICOLON .)
    MULTO           reduce using rule 53 (and -> AND PAR_OPEN n4 COLON n4 PAR_CLOSE SEMICOLON .)
    DIVO            reduce using rule 53 (and -> AND PAR_OPEN n4 COLON n4 PAR_CLOSE SEMICOLON .)
    SUMO            reduce using rule 53 (and -> AND PAR_OPEN n4 COLON n4 PAR_CLOSE SEMICOLON .)
    SEMICOLON       reduce using rule 53 (and -> AND PAR_OPEN n4 COLON n4 PAR_CLOSE SEMICOLON .)
    COLON           reduce using rule 53 (and -> AND PAR_OPEN n4 COLON n4 PAR_CLOSE SEMICOLON .)
    PAR_CLOSE       reduce using rule 53 (and -> AND PAR_OPEN n4 COLON n4 PAR_CLOSE SEMICOLON .)


state 249

    (54) or -> OR PAR_OPEN n4 COLON n4 PAR_CLOSE SEMICOLON .

    P_CLOSE         reduce using rule 54 (or -> OR PAR_OPEN n4 COLON n4 PAR_CLOSE SEMICOLON .)
    CASE            reduce using rule 54 (or -> OR PAR_OPEN n4 COLON n4 PAR_CLOSE SEMICOLON .)
    REPEAT          reduce using rule 54 (or -> OR PAR_OPEN n4 COLON n4 PAR_CLOSE SEMICOLON .)
    WHILE           reduce using rule 54 (or -> OR PAR_OPEN n4 COLON n4 PAR_CLOSE SEMICOLON .)
    FOR             reduce using rule 54 (or -> OR PAR_OPEN n4 COLON n4 PAR_CLOSE SEMICOLON .)
    DEF             reduce using rule 54 (or -> OR PAR_OPEN n4 COLON n4 PAR_CLOSE SEMICOLON .)
    PUT             reduce using rule 54 (or -> OR PAR_OPEN n4 COLON n4 PAR_CLOSE SEMICOLON .)
    CUP             reduce using rule 54 (or -> OR PAR_OPEN n4 COLON n4 PAR_CLOSE SEMICOLON .)
    CDOWN           reduce using rule 54 (or -> OR PAR_OPEN n4 COLON n4 PAR_CLOSE SEMICOLON .)
    CLEFT           reduce using rule 54 (or -> OR PAR_OPEN n4 COLON n4 PAR_CLOSE SEMICOLON .)
    CRIGHT          reduce using rule 54 (or -> OR PAR_OPEN n4 COLON n4 PAR_CLOSE SEMICOLON .)
    POS             reduce using rule 54 (or -> OR PAR_OPEN n4 COLON n4 PAR_CLOSE SEMICOLON .)
    POSX            reduce using rule 54 (or -> OR PAR_OPEN n4 COLON n4 PAR_CLOSE SEMICOLON .)
    POSY            reduce using rule 54 (or -> OR PAR_OPEN n4 COLON n4 PAR_CLOSE SEMICOLON .)
    COLOR           reduce using rule 54 (or -> OR PAR_OPEN n4 COLON n4 PAR_CLOSE SEMICOLON .)
    DOWN            reduce using rule 54 (or -> OR PAR_OPEN n4 COLON n4 PAR_CLOSE SEMICOLON .)
    UP              reduce using rule 54 (or -> OR PAR_OPEN n4 COLON n4 PAR_CLOSE SEMICOLON .)
    BEG             reduce using rule 54 (or -> OR PAR_OPEN n4 COLON n4 PAR_CLOSE SEMICOLON .)
    ADDO            reduce using rule 54 (or -> OR PAR_OPEN n4 COLON n4 PAR_CLOSE SEMICOLON .)
    SUBSTR          reduce using rule 54 (or -> OR PAR_OPEN n4 COLON n4 PAR_CLOSE SEMICOLON .)
    EQUAL           reduce using rule 54 (or -> OR PAR_OPEN n4 COLON n4 PAR_CLOSE SEMICOLON .)
    AND             reduce using rule 54 (or -> OR PAR_OPEN n4 COLON n4 PAR_CLOSE SEMICOLON .)
    OR              reduce using rule 54 (or -> OR PAR_OPEN n4 COLON n4 PAR_CLOSE SEMICOLON .)
    GREATER         reduce using rule 54 (or -> OR PAR_OPEN n4 COLON n4 PAR_CLOSE SEMICOLON .)
    SMALLER         reduce using rule 54 (or -> OR PAR_OPEN n4 COLON n4 PAR_CLOSE SEMICOLON .)
    RANDOM          reduce using rule 54 (or -> OR PAR_OPEN n4 COLON n4 PAR_CLOSE SEMICOLON .)
    MULTO           reduce using rule 54 (or -> OR PAR_OPEN n4 COLON n4 PAR_CLOSE SEMICOLON .)
    DIVO            reduce using rule 54 (or -> OR PAR_OPEN n4 COLON n4 PAR_CLOSE SEMICOLON .)
    SUMO            reduce using rule 54 (or -> OR PAR_OPEN n4 COLON n4 PAR_CLOSE SEMICOLON .)
    SEMICOLON       reduce using rule 54 (or -> OR PAR_OPEN n4 COLON n4 PAR_CLOSE SEMICOLON .)
    COLON           reduce using rule 54 (or -> OR PAR_OPEN n4 COLON n4 PAR_CLOSE SEMICOLON .)
    PAR_CLOSE       reduce using rule 54 (or -> OR PAR_OPEN n4 COLON n4 PAR_CLOSE SEMICOLON .)


state 250

    (55) greater -> GREATER PAR_OPEN n2 COLON n2 PAR_CLOSE SEMICOLON .

    P_CLOSE         reduce using rule 55 (greater -> GREATER PAR_OPEN n2 COLON n2 PAR_CLOSE SEMICOLON .)
    CASE            reduce using rule 55 (greater -> GREATER PAR_OPEN n2 COLON n2 PAR_CLOSE SEMICOLON .)
    REPEAT          reduce using rule 55 (greater -> GREATER PAR_OPEN n2 COLON n2 PAR_CLOSE SEMICOLON .)
    WHILE           reduce using rule 55 (greater -> GREATER PAR_OPEN n2 COLON n2 PAR_CLOSE SEMICOLON .)
    FOR             reduce using rule 55 (greater -> GREATER PAR_OPEN n2 COLON n2 PAR_CLOSE SEMICOLON .)
    DEF             reduce using rule 55 (greater -> GREATER PAR_OPEN n2 COLON n2 PAR_CLOSE SEMICOLON .)
    PUT             reduce using rule 55 (greater -> GREATER PAR_OPEN n2 COLON n2 PAR_CLOSE SEMICOLON .)
    CUP             reduce using rule 55 (greater -> GREATER PAR_OPEN n2 COLON n2 PAR_CLOSE SEMICOLON .)
    CDOWN           reduce using rule 55 (greater -> GREATER PAR_OPEN n2 COLON n2 PAR_CLOSE SEMICOLON .)
    CLEFT           reduce using rule 55 (greater -> GREATER PAR_OPEN n2 COLON n2 PAR_CLOSE SEMICOLON .)
    CRIGHT          reduce using rule 55 (greater -> GREATER PAR_OPEN n2 COLON n2 PAR_CLOSE SEMICOLON .)
    POS             reduce using rule 55 (greater -> GREATER PAR_OPEN n2 COLON n2 PAR_CLOSE SEMICOLON .)
    POSX            reduce using rule 55 (greater -> GREATER PAR_OPEN n2 COLON n2 PAR_CLOSE SEMICOLON .)
    POSY            reduce using rule 55 (greater -> GREATER PAR_OPEN n2 COLON n2 PAR_CLOSE SEMICOLON .)
    COLOR           reduce using rule 55 (greater -> GREATER PAR_OPEN n2 COLON n2 PAR_CLOSE SEMICOLON .)
    DOWN            reduce using rule 55 (greater -> GREATER PAR_OPEN n2 COLON n2 PAR_CLOSE SEMICOLON .)
    UP              reduce using rule 55 (greater -> GREATER PAR_OPEN n2 COLON n2 PAR_CLOSE SEMICOLON .)
    BEG             reduce using rule 55 (greater -> GREATER PAR_OPEN n2 COLON n2 PAR_CLOSE SEMICOLON .)
    ADDO            reduce using rule 55 (greater -> GREATER PAR_OPEN n2 COLON n2 PAR_CLOSE SEMICOLON .)
    SUBSTR          reduce using rule 55 (greater -> GREATER PAR_OPEN n2 COLON n2 PAR_CLOSE SEMICOLON .)
    EQUAL           reduce using rule 55 (greater -> GREATER PAR_OPEN n2 COLON n2 PAR_CLOSE SEMICOLON .)
    AND             reduce using rule 55 (greater -> GREATER PAR_OPEN n2 COLON n2 PAR_CLOSE SEMICOLON .)
    OR              reduce using rule 55 (greater -> GREATER PAR_OPEN n2 COLON n2 PAR_CLOSE SEMICOLON .)
    GREATER         reduce using rule 55 (greater -> GREATER PAR_OPEN n2 COLON n2 PAR_CLOSE SEMICOLON .)
    SMALLER         reduce using rule 55 (greater -> GREATER PAR_OPEN n2 COLON n2 PAR_CLOSE SEMICOLON .)
    RANDOM          reduce using rule 55 (greater -> GREATER PAR_OPEN n2 COLON n2 PAR_CLOSE SEMICOLON .)
    MULTO           reduce using rule 55 (greater -> GREATER PAR_OPEN n2 COLON n2 PAR_CLOSE SEMICOLON .)
    DIVO            reduce using rule 55 (greater -> GREATER PAR_OPEN n2 COLON n2 PAR_CLOSE SEMICOLON .)
    SUMO            reduce using rule 55 (greater -> GREATER PAR_OPEN n2 COLON n2 PAR_CLOSE SEMICOLON .)
    SEMICOLON       reduce using rule 55 (greater -> GREATER PAR_OPEN n2 COLON n2 PAR_CLOSE SEMICOLON .)
    COLON           reduce using rule 55 (greater -> GREATER PAR_OPEN n2 COLON n2 PAR_CLOSE SEMICOLON .)
    PAR_CLOSE       reduce using rule 55 (greater -> GREATER PAR_OPEN n2 COLON n2 PAR_CLOSE SEMICOLON .)


state 251

    (56) smaller -> SMALLER PAR_OPEN n2 COLON n2 PAR_CLOSE SEMICOLON .

    P_CLOSE         reduce using rule 56 (smaller -> SMALLER PAR_OPEN n2 COLON n2 PAR_CLOSE SEMICOLON .)
    CASE            reduce using rule 56 (smaller -> SMALLER PAR_OPEN n2 COLON n2 PAR_CLOSE SEMICOLON .)
    REPEAT          reduce using rule 56 (smaller -> SMALLER PAR_OPEN n2 COLON n2 PAR_CLOSE SEMICOLON .)
    WHILE           reduce using rule 56 (smaller -> SMALLER PAR_OPEN n2 COLON n2 PAR_CLOSE SEMICOLON .)
    FOR             reduce using rule 56 (smaller -> SMALLER PAR_OPEN n2 COLON n2 PAR_CLOSE SEMICOLON .)
    DEF             reduce using rule 56 (smaller -> SMALLER PAR_OPEN n2 COLON n2 PAR_CLOSE SEMICOLON .)
    PUT             reduce using rule 56 (smaller -> SMALLER PAR_OPEN n2 COLON n2 PAR_CLOSE SEMICOLON .)
    CUP             reduce using rule 56 (smaller -> SMALLER PAR_OPEN n2 COLON n2 PAR_CLOSE SEMICOLON .)
    CDOWN           reduce using rule 56 (smaller -> SMALLER PAR_OPEN n2 COLON n2 PAR_CLOSE SEMICOLON .)
    CLEFT           reduce using rule 56 (smaller -> SMALLER PAR_OPEN n2 COLON n2 PAR_CLOSE SEMICOLON .)
    CRIGHT          reduce using rule 56 (smaller -> SMALLER PAR_OPEN n2 COLON n2 PAR_CLOSE SEMICOLON .)
    POS             reduce using rule 56 (smaller -> SMALLER PAR_OPEN n2 COLON n2 PAR_CLOSE SEMICOLON .)
    POSX            reduce using rule 56 (smaller -> SMALLER PAR_OPEN n2 COLON n2 PAR_CLOSE SEMICOLON .)
    POSY            reduce using rule 56 (smaller -> SMALLER PAR_OPEN n2 COLON n2 PAR_CLOSE SEMICOLON .)
    COLOR           reduce using rule 56 (smaller -> SMALLER PAR_OPEN n2 COLON n2 PAR_CLOSE SEMICOLON .)
    DOWN            reduce using rule 56 (smaller -> SMALLER PAR_OPEN n2 COLON n2 PAR_CLOSE SEMICOLON .)
    UP              reduce using rule 56 (smaller -> SMALLER PAR_OPEN n2 COLON n2 PAR_CLOSE SEMICOLON .)
    BEG             reduce using rule 56 (smaller -> SMALLER PAR_OPEN n2 COLON n2 PAR_CLOSE SEMICOLON .)
    ADDO            reduce using rule 56 (smaller -> SMALLER PAR_OPEN n2 COLON n2 PAR_CLOSE SEMICOLON .)
    SUBSTR          reduce using rule 56 (smaller -> SMALLER PAR_OPEN n2 COLON n2 PAR_CLOSE SEMICOLON .)
    EQUAL           reduce using rule 56 (smaller -> SMALLER PAR_OPEN n2 COLON n2 PAR_CLOSE SEMICOLON .)
    AND             reduce using rule 56 (smaller -> SMALLER PAR_OPEN n2 COLON n2 PAR_CLOSE SEMICOLON .)
    OR              reduce using rule 56 (smaller -> SMALLER PAR_OPEN n2 COLON n2 PAR_CLOSE SEMICOLON .)
    GREATER         reduce using rule 56 (smaller -> SMALLER PAR_OPEN n2 COLON n2 PAR_CLOSE SEMICOLON .)
    SMALLER         reduce using rule 56 (smaller -> SMALLER PAR_OPEN n2 COLON n2 PAR_CLOSE SEMICOLON .)
    RANDOM          reduce using rule 56 (smaller -> SMALLER PAR_OPEN n2 COLON n2 PAR_CLOSE SEMICOLON .)
    MULTO           reduce using rule 56 (smaller -> SMALLER PAR_OPEN n2 COLON n2 PAR_CLOSE SEMICOLON .)
    DIVO            reduce using rule 56 (smaller -> SMALLER PAR_OPEN n2 COLON n2 PAR_CLOSE SEMICOLON .)
    SUMO            reduce using rule 56 (smaller -> SMALLER PAR_OPEN n2 COLON n2 PAR_CLOSE SEMICOLON .)
    SEMICOLON       reduce using rule 56 (smaller -> SMALLER PAR_OPEN n2 COLON n2 PAR_CLOSE SEMICOLON .)
    COLON           reduce using rule 56 (smaller -> SMALLER PAR_OPEN n2 COLON n2 PAR_CLOSE SEMICOLON .)
    PAR_CLOSE       reduce using rule 56 (smaller -> SMALLER PAR_OPEN n2 COLON n2 PAR_CLOSE SEMICOLON .)


state 252

    (58) mult -> MULTO PAR_OPEN n3 COLON n2 PAR_CLOSE SEMICOLON .

    P_CLOSE         reduce using rule 58 (mult -> MULTO PAR_OPEN n3 COLON n2 PAR_CLOSE SEMICOLON .)
    CASE            reduce using rule 58 (mult -> MULTO PAR_OPEN n3 COLON n2 PAR_CLOSE SEMICOLON .)
    REPEAT          reduce using rule 58 (mult -> MULTO PAR_OPEN n3 COLON n2 PAR_CLOSE SEMICOLON .)
    WHILE           reduce using rule 58 (mult -> MULTO PAR_OPEN n3 COLON n2 PAR_CLOSE SEMICOLON .)
    FOR             reduce using rule 58 (mult -> MULTO PAR_OPEN n3 COLON n2 PAR_CLOSE SEMICOLON .)
    DEF             reduce using rule 58 (mult -> MULTO PAR_OPEN n3 COLON n2 PAR_CLOSE SEMICOLON .)
    PUT             reduce using rule 58 (mult -> MULTO PAR_OPEN n3 COLON n2 PAR_CLOSE SEMICOLON .)
    CUP             reduce using rule 58 (mult -> MULTO PAR_OPEN n3 COLON n2 PAR_CLOSE SEMICOLON .)
    CDOWN           reduce using rule 58 (mult -> MULTO PAR_OPEN n3 COLON n2 PAR_CLOSE SEMICOLON .)
    CLEFT           reduce using rule 58 (mult -> MULTO PAR_OPEN n3 COLON n2 PAR_CLOSE SEMICOLON .)
    CRIGHT          reduce using rule 58 (mult -> MULTO PAR_OPEN n3 COLON n2 PAR_CLOSE SEMICOLON .)
    POS             reduce using rule 58 (mult -> MULTO PAR_OPEN n3 COLON n2 PAR_CLOSE SEMICOLON .)
    POSX            reduce using rule 58 (mult -> MULTO PAR_OPEN n3 COLON n2 PAR_CLOSE SEMICOLON .)
    POSY            reduce using rule 58 (mult -> MULTO PAR_OPEN n3 COLON n2 PAR_CLOSE SEMICOLON .)
    COLOR           reduce using rule 58 (mult -> MULTO PAR_OPEN n3 COLON n2 PAR_CLOSE SEMICOLON .)
    DOWN            reduce using rule 58 (mult -> MULTO PAR_OPEN n3 COLON n2 PAR_CLOSE SEMICOLON .)
    UP              reduce using rule 58 (mult -> MULTO PAR_OPEN n3 COLON n2 PAR_CLOSE SEMICOLON .)
    BEG             reduce using rule 58 (mult -> MULTO PAR_OPEN n3 COLON n2 PAR_CLOSE SEMICOLON .)
    ADDO            reduce using rule 58 (mult -> MULTO PAR_OPEN n3 COLON n2 PAR_CLOSE SEMICOLON .)
    SUBSTR          reduce using rule 58 (mult -> MULTO PAR_OPEN n3 COLON n2 PAR_CLOSE SEMICOLON .)
    EQUAL           reduce using rule 58 (mult -> MULTO PAR_OPEN n3 COLON n2 PAR_CLOSE SEMICOLON .)
    AND             reduce using rule 58 (mult -> MULTO PAR_OPEN n3 COLON n2 PAR_CLOSE SEMICOLON .)
    OR              reduce using rule 58 (mult -> MULTO PAR_OPEN n3 COLON n2 PAR_CLOSE SEMICOLON .)
    GREATER         reduce using rule 58 (mult -> MULTO PAR_OPEN n3 COLON n2 PAR_CLOSE SEMICOLON .)
    SMALLER         reduce using rule 58 (mult -> MULTO PAR_OPEN n3 COLON n2 PAR_CLOSE SEMICOLON .)
    RANDOM          reduce using rule 58 (mult -> MULTO PAR_OPEN n3 COLON n2 PAR_CLOSE SEMICOLON .)
    MULTO           reduce using rule 58 (mult -> MULTO PAR_OPEN n3 COLON n2 PAR_CLOSE SEMICOLON .)
    DIVO            reduce using rule 58 (mult -> MULTO PAR_OPEN n3 COLON n2 PAR_CLOSE SEMICOLON .)
    SUMO            reduce using rule 58 (mult -> MULTO PAR_OPEN n3 COLON n2 PAR_CLOSE SEMICOLON .)
    SEMICOLON       reduce using rule 58 (mult -> MULTO PAR_OPEN n3 COLON n2 PAR_CLOSE SEMICOLON .)
    COLON           reduce using rule 58 (mult -> MULTO PAR_OPEN n3 COLON n2 PAR_CLOSE SEMICOLON .)
    PAR_CLOSE       reduce using rule 58 (mult -> MULTO PAR_OPEN n3 COLON n2 PAR_CLOSE SEMICOLON .)


state 253

    (59) div -> DIVO PAR_OPEN n3 COLON n2 PAR_CLOSE SEMICOLON .

    P_CLOSE         reduce using rule 59 (div -> DIVO PAR_OPEN n3 COLON n2 PAR_CLOSE SEMICOLON .)
    CASE            reduce using rule 59 (div -> DIVO PAR_OPEN n3 COLON n2 PAR_CLOSE SEMICOLON .)
    REPEAT          reduce using rule 59 (div -> DIVO PAR_OPEN n3 COLON n2 PAR_CLOSE SEMICOLON .)
    WHILE           reduce using rule 59 (div -> DIVO PAR_OPEN n3 COLON n2 PAR_CLOSE SEMICOLON .)
    FOR             reduce using rule 59 (div -> DIVO PAR_OPEN n3 COLON n2 PAR_CLOSE SEMICOLON .)
    DEF             reduce using rule 59 (div -> DIVO PAR_OPEN n3 COLON n2 PAR_CLOSE SEMICOLON .)
    PUT             reduce using rule 59 (div -> DIVO PAR_OPEN n3 COLON n2 PAR_CLOSE SEMICOLON .)
    CUP             reduce using rule 59 (div -> DIVO PAR_OPEN n3 COLON n2 PAR_CLOSE SEMICOLON .)
    CDOWN           reduce using rule 59 (div -> DIVO PAR_OPEN n3 COLON n2 PAR_CLOSE SEMICOLON .)
    CLEFT           reduce using rule 59 (div -> DIVO PAR_OPEN n3 COLON n2 PAR_CLOSE SEMICOLON .)
    CRIGHT          reduce using rule 59 (div -> DIVO PAR_OPEN n3 COLON n2 PAR_CLOSE SEMICOLON .)
    POS             reduce using rule 59 (div -> DIVO PAR_OPEN n3 COLON n2 PAR_CLOSE SEMICOLON .)
    POSX            reduce using rule 59 (div -> DIVO PAR_OPEN n3 COLON n2 PAR_CLOSE SEMICOLON .)
    POSY            reduce using rule 59 (div -> DIVO PAR_OPEN n3 COLON n2 PAR_CLOSE SEMICOLON .)
    COLOR           reduce using rule 59 (div -> DIVO PAR_OPEN n3 COLON n2 PAR_CLOSE SEMICOLON .)
    DOWN            reduce using rule 59 (div -> DIVO PAR_OPEN n3 COLON n2 PAR_CLOSE SEMICOLON .)
    UP              reduce using rule 59 (div -> DIVO PAR_OPEN n3 COLON n2 PAR_CLOSE SEMICOLON .)
    BEG             reduce using rule 59 (div -> DIVO PAR_OPEN n3 COLON n2 PAR_CLOSE SEMICOLON .)
    ADDO            reduce using rule 59 (div -> DIVO PAR_OPEN n3 COLON n2 PAR_CLOSE SEMICOLON .)
    SUBSTR          reduce using rule 59 (div -> DIVO PAR_OPEN n3 COLON n2 PAR_CLOSE SEMICOLON .)
    EQUAL           reduce using rule 59 (div -> DIVO PAR_OPEN n3 COLON n2 PAR_CLOSE SEMICOLON .)
    AND             reduce using rule 59 (div -> DIVO PAR_OPEN n3 COLON n2 PAR_CLOSE SEMICOLON .)
    OR              reduce using rule 59 (div -> DIVO PAR_OPEN n3 COLON n2 PAR_CLOSE SEMICOLON .)
    GREATER         reduce using rule 59 (div -> DIVO PAR_OPEN n3 COLON n2 PAR_CLOSE SEMICOLON .)
    SMALLER         reduce using rule 59 (div -> DIVO PAR_OPEN n3 COLON n2 PAR_CLOSE SEMICOLON .)
    RANDOM          reduce using rule 59 (div -> DIVO PAR_OPEN n3 COLON n2 PAR_CLOSE SEMICOLON .)
    MULTO           reduce using rule 59 (div -> DIVO PAR_OPEN n3 COLON n2 PAR_CLOSE SEMICOLON .)
    DIVO            reduce using rule 59 (div -> DIVO PAR_OPEN n3 COLON n2 PAR_CLOSE SEMICOLON .)
    SUMO            reduce using rule 59 (div -> DIVO PAR_OPEN n3 COLON n2 PAR_CLOSE SEMICOLON .)
    SEMICOLON       reduce using rule 59 (div -> DIVO PAR_OPEN n3 COLON n2 PAR_CLOSE SEMICOLON .)
    COLON           reduce using rule 59 (div -> DIVO PAR_OPEN n3 COLON n2 PAR_CLOSE SEMICOLON .)
    PAR_CLOSE       reduce using rule 59 (div -> DIVO PAR_OPEN n3 COLON n2 PAR_CLOSE SEMICOLON .)


state 254

    (60) sum -> SUMO PAR_OPEN n3 COLON n2 PAR_CLOSE SEMICOLON .

    P_CLOSE         reduce using rule 60 (sum -> SUMO PAR_OPEN n3 COLON n2 PAR_CLOSE SEMICOLON .)
    CASE            reduce using rule 60 (sum -> SUMO PAR_OPEN n3 COLON n2 PAR_CLOSE SEMICOLON .)
    REPEAT          reduce using rule 60 (sum -> SUMO PAR_OPEN n3 COLON n2 PAR_CLOSE SEMICOLON .)
    WHILE           reduce using rule 60 (sum -> SUMO PAR_OPEN n3 COLON n2 PAR_CLOSE SEMICOLON .)
    FOR             reduce using rule 60 (sum -> SUMO PAR_OPEN n3 COLON n2 PAR_CLOSE SEMICOLON .)
    DEF             reduce using rule 60 (sum -> SUMO PAR_OPEN n3 COLON n2 PAR_CLOSE SEMICOLON .)
    PUT             reduce using rule 60 (sum -> SUMO PAR_OPEN n3 COLON n2 PAR_CLOSE SEMICOLON .)
    CUP             reduce using rule 60 (sum -> SUMO PAR_OPEN n3 COLON n2 PAR_CLOSE SEMICOLON .)
    CDOWN           reduce using rule 60 (sum -> SUMO PAR_OPEN n3 COLON n2 PAR_CLOSE SEMICOLON .)
    CLEFT           reduce using rule 60 (sum -> SUMO PAR_OPEN n3 COLON n2 PAR_CLOSE SEMICOLON .)
    CRIGHT          reduce using rule 60 (sum -> SUMO PAR_OPEN n3 COLON n2 PAR_CLOSE SEMICOLON .)
    POS             reduce using rule 60 (sum -> SUMO PAR_OPEN n3 COLON n2 PAR_CLOSE SEMICOLON .)
    POSX            reduce using rule 60 (sum -> SUMO PAR_OPEN n3 COLON n2 PAR_CLOSE SEMICOLON .)
    POSY            reduce using rule 60 (sum -> SUMO PAR_OPEN n3 COLON n2 PAR_CLOSE SEMICOLON .)
    COLOR           reduce using rule 60 (sum -> SUMO PAR_OPEN n3 COLON n2 PAR_CLOSE SEMICOLON .)
    DOWN            reduce using rule 60 (sum -> SUMO PAR_OPEN n3 COLON n2 PAR_CLOSE SEMICOLON .)
    UP              reduce using rule 60 (sum -> SUMO PAR_OPEN n3 COLON n2 PAR_CLOSE SEMICOLON .)
    BEG             reduce using rule 60 (sum -> SUMO PAR_OPEN n3 COLON n2 PAR_CLOSE SEMICOLON .)
    ADDO            reduce using rule 60 (sum -> SUMO PAR_OPEN n3 COLON n2 PAR_CLOSE SEMICOLON .)
    SUBSTR          reduce using rule 60 (sum -> SUMO PAR_OPEN n3 COLON n2 PAR_CLOSE SEMICOLON .)
    EQUAL           reduce using rule 60 (sum -> SUMO PAR_OPEN n3 COLON n2 PAR_CLOSE SEMICOLON .)
    AND             reduce using rule 60 (sum -> SUMO PAR_OPEN n3 COLON n2 PAR_CLOSE SEMICOLON .)
    OR              reduce using rule 60 (sum -> SUMO PAR_OPEN n3 COLON n2 PAR_CLOSE SEMICOLON .)
    GREATER         reduce using rule 60 (sum -> SUMO PAR_OPEN n3 COLON n2 PAR_CLOSE SEMICOLON .)
    SMALLER         reduce using rule 60 (sum -> SUMO PAR_OPEN n3 COLON n2 PAR_CLOSE SEMICOLON .)
    RANDOM          reduce using rule 60 (sum -> SUMO PAR_OPEN n3 COLON n2 PAR_CLOSE SEMICOLON .)
    MULTO           reduce using rule 60 (sum -> SUMO PAR_OPEN n3 COLON n2 PAR_CLOSE SEMICOLON .)
    DIVO            reduce using rule 60 (sum -> SUMO PAR_OPEN n3 COLON n2 PAR_CLOSE SEMICOLON .)
    SUMO            reduce using rule 60 (sum -> SUMO PAR_OPEN n3 COLON n2 PAR_CLOSE SEMICOLON .)
    SEMICOLON       reduce using rule 60 (sum -> SUMO PAR_OPEN n3 COLON n2 PAR_CLOSE SEMICOLON .)
    COLON           reduce using rule 60 (sum -> SUMO PAR_OPEN n3 COLON n2 PAR_CLOSE SEMICOLON .)
    PAR_CLOSE       reduce using rule 60 (sum -> SUMO PAR_OPEN n3 COLON n2 PAR_CLOSE SEMICOLON .)


state 255

    (82) case -> CASE ID caseaux_list ELSE P_OPEN sentencia_list P_CLOSE END . CASE SEMICOLON

    CASE            shift and go to state 260


state 256

    (78) caseaux -> WHEN n6 THEN P_OPEN sentencia_list P_CLOSE . SEMICOLON

    SEMICOLON       shift and go to state 261


state 257

    (77) repeat -> REPEAT P_OPEN sentencia_list P_CLOSE UNTIL P_OPEN n2 P_CLOSE . SEMICOLON

    SEMICOLON       shift and go to state 262


state 258

    (76) whiles -> WHILE P_OPEN n2 P_CLOSE P_OPEN sentencia_list P_CLOSE WHEND . SEMICOLON

    SEMICOLON       shift and go to state 263


state 259

    (75) forloops -> FOR ID PAR_OPEN NUMBER TO NUMBER PAR_CLOSE LOOP . P_OPEN sentencia_list P_CLOSE END LOOP SEMICOLON

    P_OPEN          shift and go to state 264


state 260

    (82) case -> CASE ID caseaux_list ELSE P_OPEN sentencia_list P_CLOSE END CASE . SEMICOLON

    SEMICOLON       shift and go to state 265


state 261

    (78) caseaux -> WHEN n6 THEN P_OPEN sentencia_list P_CLOSE SEMICOLON .

    END             reduce using rule 78 (caseaux -> WHEN n6 THEN P_OPEN sentencia_list P_CLOSE SEMICOLON .)
    ELSE            reduce using rule 78 (caseaux -> WHEN n6 THEN P_OPEN sentencia_list P_CLOSE SEMICOLON .)
    WHEN            reduce using rule 78 (caseaux -> WHEN n6 THEN P_OPEN sentencia_list P_CLOSE SEMICOLON .)


state 262

    (77) repeat -> REPEAT P_OPEN sentencia_list P_CLOSE UNTIL P_OPEN n2 P_CLOSE SEMICOLON .

    P_CLOSE         reduce using rule 77 (repeat -> REPEAT P_OPEN sentencia_list P_CLOSE UNTIL P_OPEN n2 P_CLOSE SEMICOLON .)
    CASE            reduce using rule 77 (repeat -> REPEAT P_OPEN sentencia_list P_CLOSE UNTIL P_OPEN n2 P_CLOSE SEMICOLON .)
    REPEAT          reduce using rule 77 (repeat -> REPEAT P_OPEN sentencia_list P_CLOSE UNTIL P_OPEN n2 P_CLOSE SEMICOLON .)
    WHILE           reduce using rule 77 (repeat -> REPEAT P_OPEN sentencia_list P_CLOSE UNTIL P_OPEN n2 P_CLOSE SEMICOLON .)
    FOR             reduce using rule 77 (repeat -> REPEAT P_OPEN sentencia_list P_CLOSE UNTIL P_OPEN n2 P_CLOSE SEMICOLON .)
    DEF             reduce using rule 77 (repeat -> REPEAT P_OPEN sentencia_list P_CLOSE UNTIL P_OPEN n2 P_CLOSE SEMICOLON .)
    PUT             reduce using rule 77 (repeat -> REPEAT P_OPEN sentencia_list P_CLOSE UNTIL P_OPEN n2 P_CLOSE SEMICOLON .)
    CUP             reduce using rule 77 (repeat -> REPEAT P_OPEN sentencia_list P_CLOSE UNTIL P_OPEN n2 P_CLOSE SEMICOLON .)
    CDOWN           reduce using rule 77 (repeat -> REPEAT P_OPEN sentencia_list P_CLOSE UNTIL P_OPEN n2 P_CLOSE SEMICOLON .)
    CLEFT           reduce using rule 77 (repeat -> REPEAT P_OPEN sentencia_list P_CLOSE UNTIL P_OPEN n2 P_CLOSE SEMICOLON .)
    CRIGHT          reduce using rule 77 (repeat -> REPEAT P_OPEN sentencia_list P_CLOSE UNTIL P_OPEN n2 P_CLOSE SEMICOLON .)
    POS             reduce using rule 77 (repeat -> REPEAT P_OPEN sentencia_list P_CLOSE UNTIL P_OPEN n2 P_CLOSE SEMICOLON .)
    POSX            reduce using rule 77 (repeat -> REPEAT P_OPEN sentencia_list P_CLOSE UNTIL P_OPEN n2 P_CLOSE SEMICOLON .)
    POSY            reduce using rule 77 (repeat -> REPEAT P_OPEN sentencia_list P_CLOSE UNTIL P_OPEN n2 P_CLOSE SEMICOLON .)
    COLOR           reduce using rule 77 (repeat -> REPEAT P_OPEN sentencia_list P_CLOSE UNTIL P_OPEN n2 P_CLOSE SEMICOLON .)
    DOWN            reduce using rule 77 (repeat -> REPEAT P_OPEN sentencia_list P_CLOSE UNTIL P_OPEN n2 P_CLOSE SEMICOLON .)
    UP              reduce using rule 77 (repeat -> REPEAT P_OPEN sentencia_list P_CLOSE UNTIL P_OPEN n2 P_CLOSE SEMICOLON .)
    BEG             reduce using rule 77 (repeat -> REPEAT P_OPEN sentencia_list P_CLOSE UNTIL P_OPEN n2 P_CLOSE SEMICOLON .)
    ADDO            reduce using rule 77 (repeat -> REPEAT P_OPEN sentencia_list P_CLOSE UNTIL P_OPEN n2 P_CLOSE SEMICOLON .)
    SUBSTR          reduce using rule 77 (repeat -> REPEAT P_OPEN sentencia_list P_CLOSE UNTIL P_OPEN n2 P_CLOSE SEMICOLON .)
    EQUAL           reduce using rule 77 (repeat -> REPEAT P_OPEN sentencia_list P_CLOSE UNTIL P_OPEN n2 P_CLOSE SEMICOLON .)
    AND             reduce using rule 77 (repeat -> REPEAT P_OPEN sentencia_list P_CLOSE UNTIL P_OPEN n2 P_CLOSE SEMICOLON .)
    OR              reduce using rule 77 (repeat -> REPEAT P_OPEN sentencia_list P_CLOSE UNTIL P_OPEN n2 P_CLOSE SEMICOLON .)
    GREATER         reduce using rule 77 (repeat -> REPEAT P_OPEN sentencia_list P_CLOSE UNTIL P_OPEN n2 P_CLOSE SEMICOLON .)
    SMALLER         reduce using rule 77 (repeat -> REPEAT P_OPEN sentencia_list P_CLOSE UNTIL P_OPEN n2 P_CLOSE SEMICOLON .)
    RANDOM          reduce using rule 77 (repeat -> REPEAT P_OPEN sentencia_list P_CLOSE UNTIL P_OPEN n2 P_CLOSE SEMICOLON .)
    MULTO           reduce using rule 77 (repeat -> REPEAT P_OPEN sentencia_list P_CLOSE UNTIL P_OPEN n2 P_CLOSE SEMICOLON .)
    DIVO            reduce using rule 77 (repeat -> REPEAT P_OPEN sentencia_list P_CLOSE UNTIL P_OPEN n2 P_CLOSE SEMICOLON .)
    SUMO            reduce using rule 77 (repeat -> REPEAT P_OPEN sentencia_list P_CLOSE UNTIL P_OPEN n2 P_CLOSE SEMICOLON .)


state 263

    (76) whiles -> WHILE P_OPEN n2 P_CLOSE P_OPEN sentencia_list P_CLOSE WHEND SEMICOLON .

    P_CLOSE         reduce using rule 76 (whiles -> WHILE P_OPEN n2 P_CLOSE P_OPEN sentencia_list P_CLOSE WHEND SEMICOLON .)
    CASE            reduce using rule 76 (whiles -> WHILE P_OPEN n2 P_CLOSE P_OPEN sentencia_list P_CLOSE WHEND SEMICOLON .)
    REPEAT          reduce using rule 76 (whiles -> WHILE P_OPEN n2 P_CLOSE P_OPEN sentencia_list P_CLOSE WHEND SEMICOLON .)
    WHILE           reduce using rule 76 (whiles -> WHILE P_OPEN n2 P_CLOSE P_OPEN sentencia_list P_CLOSE WHEND SEMICOLON .)
    FOR             reduce using rule 76 (whiles -> WHILE P_OPEN n2 P_CLOSE P_OPEN sentencia_list P_CLOSE WHEND SEMICOLON .)
    DEF             reduce using rule 76 (whiles -> WHILE P_OPEN n2 P_CLOSE P_OPEN sentencia_list P_CLOSE WHEND SEMICOLON .)
    PUT             reduce using rule 76 (whiles -> WHILE P_OPEN n2 P_CLOSE P_OPEN sentencia_list P_CLOSE WHEND SEMICOLON .)
    CUP             reduce using rule 76 (whiles -> WHILE P_OPEN n2 P_CLOSE P_OPEN sentencia_list P_CLOSE WHEND SEMICOLON .)
    CDOWN           reduce using rule 76 (whiles -> WHILE P_OPEN n2 P_CLOSE P_OPEN sentencia_list P_CLOSE WHEND SEMICOLON .)
    CLEFT           reduce using rule 76 (whiles -> WHILE P_OPEN n2 P_CLOSE P_OPEN sentencia_list P_CLOSE WHEND SEMICOLON .)
    CRIGHT          reduce using rule 76 (whiles -> WHILE P_OPEN n2 P_CLOSE P_OPEN sentencia_list P_CLOSE WHEND SEMICOLON .)
    POS             reduce using rule 76 (whiles -> WHILE P_OPEN n2 P_CLOSE P_OPEN sentencia_list P_CLOSE WHEND SEMICOLON .)
    POSX            reduce using rule 76 (whiles -> WHILE P_OPEN n2 P_CLOSE P_OPEN sentencia_list P_CLOSE WHEND SEMICOLON .)
    POSY            reduce using rule 76 (whiles -> WHILE P_OPEN n2 P_CLOSE P_OPEN sentencia_list P_CLOSE WHEND SEMICOLON .)
    COLOR           reduce using rule 76 (whiles -> WHILE P_OPEN n2 P_CLOSE P_OPEN sentencia_list P_CLOSE WHEND SEMICOLON .)
    DOWN            reduce using rule 76 (whiles -> WHILE P_OPEN n2 P_CLOSE P_OPEN sentencia_list P_CLOSE WHEND SEMICOLON .)
    UP              reduce using rule 76 (whiles -> WHILE P_OPEN n2 P_CLOSE P_OPEN sentencia_list P_CLOSE WHEND SEMICOLON .)
    BEG             reduce using rule 76 (whiles -> WHILE P_OPEN n2 P_CLOSE P_OPEN sentencia_list P_CLOSE WHEND SEMICOLON .)
    ADDO            reduce using rule 76 (whiles -> WHILE P_OPEN n2 P_CLOSE P_OPEN sentencia_list P_CLOSE WHEND SEMICOLON .)
    SUBSTR          reduce using rule 76 (whiles -> WHILE P_OPEN n2 P_CLOSE P_OPEN sentencia_list P_CLOSE WHEND SEMICOLON .)
    EQUAL           reduce using rule 76 (whiles -> WHILE P_OPEN n2 P_CLOSE P_OPEN sentencia_list P_CLOSE WHEND SEMICOLON .)
    AND             reduce using rule 76 (whiles -> WHILE P_OPEN n2 P_CLOSE P_OPEN sentencia_list P_CLOSE WHEND SEMICOLON .)
    OR              reduce using rule 76 (whiles -> WHILE P_OPEN n2 P_CLOSE P_OPEN sentencia_list P_CLOSE WHEND SEMICOLON .)
    GREATER         reduce using rule 76 (whiles -> WHILE P_OPEN n2 P_CLOSE P_OPEN sentencia_list P_CLOSE WHEND SEMICOLON .)
    SMALLER         reduce using rule 76 (whiles -> WHILE P_OPEN n2 P_CLOSE P_OPEN sentencia_list P_CLOSE WHEND SEMICOLON .)
    RANDOM          reduce using rule 76 (whiles -> WHILE P_OPEN n2 P_CLOSE P_OPEN sentencia_list P_CLOSE WHEND SEMICOLON .)
    MULTO           reduce using rule 76 (whiles -> WHILE P_OPEN n2 P_CLOSE P_OPEN sentencia_list P_CLOSE WHEND SEMICOLON .)
    DIVO            reduce using rule 76 (whiles -> WHILE P_OPEN n2 P_CLOSE P_OPEN sentencia_list P_CLOSE WHEND SEMICOLON .)
    SUMO            reduce using rule 76 (whiles -> WHILE P_OPEN n2 P_CLOSE P_OPEN sentencia_list P_CLOSE WHEND SEMICOLON .)


state 264

    (75) forloops -> FOR ID PAR_OPEN NUMBER TO NUMBER PAR_CLOSE LOOP P_OPEN . sentencia_list P_CLOSE END LOOP SEMICOLON
    (73) sentencia_list -> . sentencia
    (74) sentencia_list -> . sentencia_list sentencia
    (6) sentencia -> . operation
    (7) sentencia -> . def
    (8) sentencia -> . put
    (9) sentencia -> . cup
    (10) sentencia -> . cdown
    (11) sentencia -> . cleft
    (12) sentencia -> . cright
    (13) sentencia -> . pos
    (14) sentencia -> . posx
    (15) sentencia -> . posy
    (16) sentencia -> . color
    (17) sentencia -> . down
    (18) sentencia -> . up
    (19) sentencia -> . begining
    (38) operation -> . add
    (39) operation -> . sub
    (40) operation -> . equal
    (41) operation -> . and
    (42) operation -> . or
    (43) operation -> . greater
    (44) operation -> . smaller
    (45) operation -> . random
    (46) operation -> . mult
    (47) operation -> . div
    (48) operation -> . sum
    (37) def -> . DEF PAR_OPEN ID COLON n6 PAR_CLOSE SEMICOLON
    (61) put -> . PUT PAR_OPEN ID COLON n1 PAR_CLOSE SEMICOLON
    (62) cup -> . CUP n2 SEMICOLON
    (63) cdown -> . CDOWN n2 SEMICOLON
    (65) cleft -> . CLEFT n2 SEMICOLON
    (64) cright -> . CRIGHT n2 SEMICOLON
    (66) pos -> . POS PAR_OPEN n2 COLON n2 PAR_CLOSE SEMICOLON
    (67) posx -> . POSX n2 SEMICOLON
    (68) posy -> . POSY n2 SEMICOLON
    (69) color -> . COLOR n2 SEMICOLON
    (70) down -> . DOWN SEMICOLON
    (71) up -> . UP SEMICOLON
    (72) begining -> . BEG SEMICOLON
    (49) add -> . ADDO PAR_OPEN ID PAR_CLOSE SEMICOLON
    (50) add -> . ADDO PAR_OPEN ID COLON n2 PAR_CLOSE SEMICOLON
    (52) sub -> . SUBSTR PAR_OPEN n3 COLON n2 PAR_CLOSE SEMICOLON
    (51) equal -> . EQUAL PAR_OPEN n2 COLON n2 PAR_CLOSE SEMICOLON
    (53) and -> . AND PAR_OPEN n4 COLON n4 PAR_CLOSE SEMICOLON
    (54) or -> . OR PAR_OPEN n4 COLON n4 PAR_CLOSE SEMICOLON
    (55) greater -> . GREATER PAR_OPEN n2 COLON n2 PAR_CLOSE SEMICOLON
    (56) smaller -> . SMALLER PAR_OPEN n2 COLON n2 PAR_CLOSE SEMICOLON
    (57) random -> . RANDOM PAR_OPEN n3 PAR_CLOSE SEMICOLON
    (58) mult -> . MULTO PAR_OPEN n3 COLON n2 PAR_CLOSE SEMICOLON
    (59) div -> . DIVO PAR_OPEN n3 COLON n2 PAR_CLOSE SEMICOLON
    (60) sum -> . SUMO PAR_OPEN n3 COLON n2 PAR_CLOSE SEMICOLON

    DEF             shift and go to state 62
    PUT             shift and go to state 63
    CUP             shift and go to state 64
    CDOWN           shift and go to state 65
    CLEFT           shift and go to state 66
    CRIGHT          shift and go to state 67
    POS             shift and go to state 68
    POSX            shift and go to state 69
    POSY            shift and go to state 70
    COLOR           shift and go to state 71
    DOWN            shift and go to state 72
    UP              shift and go to state 73
    BEG             shift and go to state 74
    ADDO            shift and go to state 75
    SUBSTR          shift and go to state 76
    EQUAL           shift and go to state 77
    AND             shift and go to state 78
    OR              shift and go to state 79
    GREATER         shift and go to state 80
    SMALLER         shift and go to state 81
    RANDOM          shift and go to state 82
    MULTO           shift and go to state 83
    DIVO            shift and go to state 84
    SUMO            shift and go to state 85

    sentencia_list                 shift and go to state 266
    sentencia                      shift and go to state 131
    operation                      shift and go to state 33
    def                            shift and go to state 34
    put                            shift and go to state 35
    cup                            shift and go to state 36
    cdown                          shift and go to state 37
    cleft                          shift and go to state 38
    cright                         shift and go to state 39
    pos                            shift and go to state 40
    posx                           shift and go to state 41
    posy                           shift and go to state 42
    color                          shift and go to state 43
    down                           shift and go to state 44
    up                             shift and go to state 45
    begining                       shift and go to state 46
    add                            shift and go to state 51
    sub                            shift and go to state 52
    equal                          shift and go to state 53
    and                            shift and go to state 54
    or                             shift and go to state 55
    greater                        shift and go to state 56
    smaller                        shift and go to state 57
    random                         shift and go to state 58
    mult                           shift and go to state 59
    div                            shift and go to state 60
    sum                            shift and go to state 61

state 265

    (82) case -> CASE ID caseaux_list ELSE P_OPEN sentencia_list P_CLOSE END CASE SEMICOLON .

    P_CLOSE         reduce using rule 82 (case -> CASE ID caseaux_list ELSE P_OPEN sentencia_list P_CLOSE END CASE SEMICOLON .)
    CASE            reduce using rule 82 (case -> CASE ID caseaux_list ELSE P_OPEN sentencia_list P_CLOSE END CASE SEMICOLON .)
    REPEAT          reduce using rule 82 (case -> CASE ID caseaux_list ELSE P_OPEN sentencia_list P_CLOSE END CASE SEMICOLON .)
    WHILE           reduce using rule 82 (case -> CASE ID caseaux_list ELSE P_OPEN sentencia_list P_CLOSE END CASE SEMICOLON .)
    FOR             reduce using rule 82 (case -> CASE ID caseaux_list ELSE P_OPEN sentencia_list P_CLOSE END CASE SEMICOLON .)
    DEF             reduce using rule 82 (case -> CASE ID caseaux_list ELSE P_OPEN sentencia_list P_CLOSE END CASE SEMICOLON .)
    PUT             reduce using rule 82 (case -> CASE ID caseaux_list ELSE P_OPEN sentencia_list P_CLOSE END CASE SEMICOLON .)
    CUP             reduce using rule 82 (case -> CASE ID caseaux_list ELSE P_OPEN sentencia_list P_CLOSE END CASE SEMICOLON .)
    CDOWN           reduce using rule 82 (case -> CASE ID caseaux_list ELSE P_OPEN sentencia_list P_CLOSE END CASE SEMICOLON .)
    CLEFT           reduce using rule 82 (case -> CASE ID caseaux_list ELSE P_OPEN sentencia_list P_CLOSE END CASE SEMICOLON .)
    CRIGHT          reduce using rule 82 (case -> CASE ID caseaux_list ELSE P_OPEN sentencia_list P_CLOSE END CASE SEMICOLON .)
    POS             reduce using rule 82 (case -> CASE ID caseaux_list ELSE P_OPEN sentencia_list P_CLOSE END CASE SEMICOLON .)
    POSX            reduce using rule 82 (case -> CASE ID caseaux_list ELSE P_OPEN sentencia_list P_CLOSE END CASE SEMICOLON .)
    POSY            reduce using rule 82 (case -> CASE ID caseaux_list ELSE P_OPEN sentencia_list P_CLOSE END CASE SEMICOLON .)
    COLOR           reduce using rule 82 (case -> CASE ID caseaux_list ELSE P_OPEN sentencia_list P_CLOSE END CASE SEMICOLON .)
    DOWN            reduce using rule 82 (case -> CASE ID caseaux_list ELSE P_OPEN sentencia_list P_CLOSE END CASE SEMICOLON .)
    UP              reduce using rule 82 (case -> CASE ID caseaux_list ELSE P_OPEN sentencia_list P_CLOSE END CASE SEMICOLON .)
    BEG             reduce using rule 82 (case -> CASE ID caseaux_list ELSE P_OPEN sentencia_list P_CLOSE END CASE SEMICOLON .)
    ADDO            reduce using rule 82 (case -> CASE ID caseaux_list ELSE P_OPEN sentencia_list P_CLOSE END CASE SEMICOLON .)
    SUBSTR          reduce using rule 82 (case -> CASE ID caseaux_list ELSE P_OPEN sentencia_list P_CLOSE END CASE SEMICOLON .)
    EQUAL           reduce using rule 82 (case -> CASE ID caseaux_list ELSE P_OPEN sentencia_list P_CLOSE END CASE SEMICOLON .)
    AND             reduce using rule 82 (case -> CASE ID caseaux_list ELSE P_OPEN sentencia_list P_CLOSE END CASE SEMICOLON .)
    OR              reduce using rule 82 (case -> CASE ID caseaux_list ELSE P_OPEN sentencia_list P_CLOSE END CASE SEMICOLON .)
    GREATER         reduce using rule 82 (case -> CASE ID caseaux_list ELSE P_OPEN sentencia_list P_CLOSE END CASE SEMICOLON .)
    SMALLER         reduce using rule 82 (case -> CASE ID caseaux_list ELSE P_OPEN sentencia_list P_CLOSE END CASE SEMICOLON .)
    RANDOM          reduce using rule 82 (case -> CASE ID caseaux_list ELSE P_OPEN sentencia_list P_CLOSE END CASE SEMICOLON .)
    MULTO           reduce using rule 82 (case -> CASE ID caseaux_list ELSE P_OPEN sentencia_list P_CLOSE END CASE SEMICOLON .)
    DIVO            reduce using rule 82 (case -> CASE ID caseaux_list ELSE P_OPEN sentencia_list P_CLOSE END CASE SEMICOLON .)
    SUMO            reduce using rule 82 (case -> CASE ID caseaux_list ELSE P_OPEN sentencia_list P_CLOSE END CASE SEMICOLON .)


state 266

    (75) forloops -> FOR ID PAR_OPEN NUMBER TO NUMBER PAR_CLOSE LOOP P_OPEN sentencia_list . P_CLOSE END LOOP SEMICOLON
    (74) sentencia_list -> sentencia_list . sentencia
    (6) sentencia -> . operation
    (7) sentencia -> . def
    (8) sentencia -> . put
    (9) sentencia -> . cup
    (10) sentencia -> . cdown
    (11) sentencia -> . cleft
    (12) sentencia -> . cright
    (13) sentencia -> . pos
    (14) sentencia -> . posx
    (15) sentencia -> . posy
    (16) sentencia -> . color
    (17) sentencia -> . down
    (18) sentencia -> . up
    (19) sentencia -> . begining
    (38) operation -> . add
    (39) operation -> . sub
    (40) operation -> . equal
    (41) operation -> . and
    (42) operation -> . or
    (43) operation -> . greater
    (44) operation -> . smaller
    (45) operation -> . random
    (46) operation -> . mult
    (47) operation -> . div
    (48) operation -> . sum
    (37) def -> . DEF PAR_OPEN ID COLON n6 PAR_CLOSE SEMICOLON
    (61) put -> . PUT PAR_OPEN ID COLON n1 PAR_CLOSE SEMICOLON
    (62) cup -> . CUP n2 SEMICOLON
    (63) cdown -> . CDOWN n2 SEMICOLON
    (65) cleft -> . CLEFT n2 SEMICOLON
    (64) cright -> . CRIGHT n2 SEMICOLON
    (66) pos -> . POS PAR_OPEN n2 COLON n2 PAR_CLOSE SEMICOLON
    (67) posx -> . POSX n2 SEMICOLON
    (68) posy -> . POSY n2 SEMICOLON
    (69) color -> . COLOR n2 SEMICOLON
    (70) down -> . DOWN SEMICOLON
    (71) up -> . UP SEMICOLON
    (72) begining -> . BEG SEMICOLON
    (49) add -> . ADDO PAR_OPEN ID PAR_CLOSE SEMICOLON
    (50) add -> . ADDO PAR_OPEN ID COLON n2 PAR_CLOSE SEMICOLON
    (52) sub -> . SUBSTR PAR_OPEN n3 COLON n2 PAR_CLOSE SEMICOLON
    (51) equal -> . EQUAL PAR_OPEN n2 COLON n2 PAR_CLOSE SEMICOLON
    (53) and -> . AND PAR_OPEN n4 COLON n4 PAR_CLOSE SEMICOLON
    (54) or -> . OR PAR_OPEN n4 COLON n4 PAR_CLOSE SEMICOLON
    (55) greater -> . GREATER PAR_OPEN n2 COLON n2 PAR_CLOSE SEMICOLON
    (56) smaller -> . SMALLER PAR_OPEN n2 COLON n2 PAR_CLOSE SEMICOLON
    (57) random -> . RANDOM PAR_OPEN n3 PAR_CLOSE SEMICOLON
    (58) mult -> . MULTO PAR_OPEN n3 COLON n2 PAR_CLOSE SEMICOLON
    (59) div -> . DIVO PAR_OPEN n3 COLON n2 PAR_CLOSE SEMICOLON
    (60) sum -> . SUMO PAR_OPEN n3 COLON n2 PAR_CLOSE SEMICOLON

    P_CLOSE         shift and go to state 267
    DEF             shift and go to state 62
    PUT             shift and go to state 63
    CUP             shift and go to state 64
    CDOWN           shift and go to state 65
    CLEFT           shift and go to state 66
    CRIGHT          shift and go to state 67
    POS             shift and go to state 68
    POSX            shift and go to state 69
    POSY            shift and go to state 70
    COLOR           shift and go to state 71
    DOWN            shift and go to state 72
    UP              shift and go to state 73
    BEG             shift and go to state 74
    ADDO            shift and go to state 75
    SUBSTR          shift and go to state 76
    EQUAL           shift and go to state 77
    AND             shift and go to state 78
    OR              shift and go to state 79
    GREATER         shift and go to state 80
    SMALLER         shift and go to state 81
    RANDOM          shift and go to state 82
    MULTO           shift and go to state 83
    DIVO            shift and go to state 84
    SUMO            shift and go to state 85

    sentencia                      shift and go to state 172
    operation                      shift and go to state 33
    def                            shift and go to state 34
    put                            shift and go to state 35
    cup                            shift and go to state 36
    cdown                          shift and go to state 37
    cleft                          shift and go to state 38
    cright                         shift and go to state 39
    pos                            shift and go to state 40
    posx                           shift and go to state 41
    posy                           shift and go to state 42
    color                          shift and go to state 43
    down                           shift and go to state 44
    up                             shift and go to state 45
    begining                       shift and go to state 46
    add                            shift and go to state 51
    sub                            shift and go to state 52
    equal                          shift and go to state 53
    and                            shift and go to state 54
    or                             shift and go to state 55
    greater                        shift and go to state 56
    smaller                        shift and go to state 57
    random                         shift and go to state 58
    mult                           shift and go to state 59
    div                            shift and go to state 60
    sum                            shift and go to state 61

state 267

    (75) forloops -> FOR ID PAR_OPEN NUMBER TO NUMBER PAR_CLOSE LOOP P_OPEN sentencia_list P_CLOSE . END LOOP SEMICOLON

    END             shift and go to state 268


state 268

    (75) forloops -> FOR ID PAR_OPEN NUMBER TO NUMBER PAR_CLOSE LOOP P_OPEN sentencia_list P_CLOSE END . LOOP SEMICOLON

    LOOP            shift and go to state 269


state 269

    (75) forloops -> FOR ID PAR_OPEN NUMBER TO NUMBER PAR_CLOSE LOOP P_OPEN sentencia_list P_CLOSE END LOOP . SEMICOLON

    SEMICOLON       shift and go to state 270


state 270

    (75) forloops -> FOR ID PAR_OPEN NUMBER TO NUMBER PAR_CLOSE LOOP P_OPEN sentencia_list P_CLOSE END LOOP SEMICOLON .

    P_CLOSE         reduce using rule 75 (forloops -> FOR ID PAR_OPEN NUMBER TO NUMBER PAR_CLOSE LOOP P_OPEN sentencia_list P_CLOSE END LOOP SEMICOLON .)
    CASE            reduce using rule 75 (forloops -> FOR ID PAR_OPEN NUMBER TO NUMBER PAR_CLOSE LOOP P_OPEN sentencia_list P_CLOSE END LOOP SEMICOLON .)
    REPEAT          reduce using rule 75 (forloops -> FOR ID PAR_OPEN NUMBER TO NUMBER PAR_CLOSE LOOP P_OPEN sentencia_list P_CLOSE END LOOP SEMICOLON .)
    WHILE           reduce using rule 75 (forloops -> FOR ID PAR_OPEN NUMBER TO NUMBER PAR_CLOSE LOOP P_OPEN sentencia_list P_CLOSE END LOOP SEMICOLON .)
    FOR             reduce using rule 75 (forloops -> FOR ID PAR_OPEN NUMBER TO NUMBER PAR_CLOSE LOOP P_OPEN sentencia_list P_CLOSE END LOOP SEMICOLON .)
    DEF             reduce using rule 75 (forloops -> FOR ID PAR_OPEN NUMBER TO NUMBER PAR_CLOSE LOOP P_OPEN sentencia_list P_CLOSE END LOOP SEMICOLON .)
    PUT             reduce using rule 75 (forloops -> FOR ID PAR_OPEN NUMBER TO NUMBER PAR_CLOSE LOOP P_OPEN sentencia_list P_CLOSE END LOOP SEMICOLON .)
    CUP             reduce using rule 75 (forloops -> FOR ID PAR_OPEN NUMBER TO NUMBER PAR_CLOSE LOOP P_OPEN sentencia_list P_CLOSE END LOOP SEMICOLON .)
    CDOWN           reduce using rule 75 (forloops -> FOR ID PAR_OPEN NUMBER TO NUMBER PAR_CLOSE LOOP P_OPEN sentencia_list P_CLOSE END LOOP SEMICOLON .)
    CLEFT           reduce using rule 75 (forloops -> FOR ID PAR_OPEN NUMBER TO NUMBER PAR_CLOSE LOOP P_OPEN sentencia_list P_CLOSE END LOOP SEMICOLON .)
    CRIGHT          reduce using rule 75 (forloops -> FOR ID PAR_OPEN NUMBER TO NUMBER PAR_CLOSE LOOP P_OPEN sentencia_list P_CLOSE END LOOP SEMICOLON .)
    POS             reduce using rule 75 (forloops -> FOR ID PAR_OPEN NUMBER TO NUMBER PAR_CLOSE LOOP P_OPEN sentencia_list P_CLOSE END LOOP SEMICOLON .)
    POSX            reduce using rule 75 (forloops -> FOR ID PAR_OPEN NUMBER TO NUMBER PAR_CLOSE LOOP P_OPEN sentencia_list P_CLOSE END LOOP SEMICOLON .)
    POSY            reduce using rule 75 (forloops -> FOR ID PAR_OPEN NUMBER TO NUMBER PAR_CLOSE LOOP P_OPEN sentencia_list P_CLOSE END LOOP SEMICOLON .)
    COLOR           reduce using rule 75 (forloops -> FOR ID PAR_OPEN NUMBER TO NUMBER PAR_CLOSE LOOP P_OPEN sentencia_list P_CLOSE END LOOP SEMICOLON .)
    DOWN            reduce using rule 75 (forloops -> FOR ID PAR_OPEN NUMBER TO NUMBER PAR_CLOSE LOOP P_OPEN sentencia_list P_CLOSE END LOOP SEMICOLON .)
    UP              reduce using rule 75 (forloops -> FOR ID PAR_OPEN NUMBER TO NUMBER PAR_CLOSE LOOP P_OPEN sentencia_list P_CLOSE END LOOP SEMICOLON .)
    BEG             reduce using rule 75 (forloops -> FOR ID PAR_OPEN NUMBER TO NUMBER PAR_CLOSE LOOP P_OPEN sentencia_list P_CLOSE END LOOP SEMICOLON .)
    ADDO            reduce using rule 75 (forloops -> FOR ID PAR_OPEN NUMBER TO NUMBER PAR_CLOSE LOOP P_OPEN sentencia_list P_CLOSE END LOOP SEMICOLON .)
    SUBSTR          reduce using rule 75 (forloops -> FOR ID PAR_OPEN NUMBER TO NUMBER PAR_CLOSE LOOP P_OPEN sentencia_list P_CLOSE END LOOP SEMICOLON .)
    EQUAL           reduce using rule 75 (forloops -> FOR ID PAR_OPEN NUMBER TO NUMBER PAR_CLOSE LOOP P_OPEN sentencia_list P_CLOSE END LOOP SEMICOLON .)
    AND             reduce using rule 75 (forloops -> FOR ID PAR_OPEN NUMBER TO NUMBER PAR_CLOSE LOOP P_OPEN sentencia_list P_CLOSE END LOOP SEMICOLON .)
    OR              reduce using rule 75 (forloops -> FOR ID PAR_OPEN NUMBER TO NUMBER PAR_CLOSE LOOP P_OPEN sentencia_list P_CLOSE END LOOP SEMICOLON .)
    GREATER         reduce using rule 75 (forloops -> FOR ID PAR_OPEN NUMBER TO NUMBER PAR_CLOSE LOOP P_OPEN sentencia_list P_CLOSE END LOOP SEMICOLON .)
    SMALLER         reduce using rule 75 (forloops -> FOR ID PAR_OPEN NUMBER TO NUMBER PAR_CLOSE LOOP P_OPEN sentencia_list P_CLOSE END LOOP SEMICOLON .)
    RANDOM          reduce using rule 75 (forloops -> FOR ID PAR_OPEN NUMBER TO NUMBER PAR_CLOSE LOOP P_OPEN sentencia_list P_CLOSE END LOOP SEMICOLON .)
    MULTO           reduce using rule 75 (forloops -> FOR ID PAR_OPEN NUMBER TO NUMBER PAR_CLOSE LOOP P_OPEN sentencia_list P_CLOSE END LOOP SEMICOLON .)
    DIVO            reduce using rule 75 (forloops -> FOR ID PAR_OPEN NUMBER TO NUMBER PAR_CLOSE LOOP P_OPEN sentencia_list P_CLOSE END LOOP SEMICOLON .)
    SUMO            reduce using rule 75 (forloops -> FOR ID PAR_OPEN NUMBER TO NUMBER PAR_CLOSE LOOP P_OPEN sentencia_list P_CLOSE END LOOP SEMICOLON .)

